type,pos,lemma,freq,range
a,,,73,2
ab,,,10,2
abbau,,,3,1
abbild,,,1,1
abbildungen,,,1,1
abbrechen,,,1,1
abbruch,,,1,1
abend,,,1,1
abende,,,2,1
abendkleid,,,2,1
aber,,,33,2
abersinn,,,1,1
aberzählen,,,1,1
abg,,,1,1
abgekommen,,,1,1
abgerissen,,,1,1
abgeseilt,,,1,1
abgesondert,,,1,1
abheben,,,1,1
ableben,,,1,1
ablegen,,,2,1
ablenkung,,,1,1
abnabeln,,,1,1
abnehmen,,,1,1
about,,,2,2
abreiben,,,1,1
abreibestelle,,,1,1
abreibung,,,1,1
abrr,,,1,1
abs,,,1,1
abschied,,,3,2
abschlagen,,,1,1
absehen,,,1,1
abstellgleis,,,1,1
abständen,,,1,1
abwasch,,,1,1
abzukriegen,,,1,1
access,,,1,1
ach,,,2,2
acht,,,1,1
achtundzwanzig,,,1,1
acting,,,7,1
activities,,,1,1
ad,,,1,1
adel,,,1,1
adeln,,,1,1
adern,,,1,1
adj,,,1,1
advance,,,1,1
afede,,,1,1
affektiver,,,1,1
after,,,1,1
ag,,,1,1
again,,,2,1
agb,,,2,1
agent,,,1,1
ah,,,3,1
aha,,,1,1
ahnung,,,1,1
ahorns,,,2,1
ahweh,,,2,1
aichinger,,,1,1
airport,,,1,1
ak,,,1,1
alan,,,1,1
alas,,,1,1
albenvolle,,,1,1
alexander,,,1,1
alexandra,,,1,1
alexandria,,,4,1
alfred,,,1,1
algenschminke,,,1,1
alice,,,1,1
alien,,,5,1
aliens,,,3,1
all,,,15,2
alle,,,16,2
allegiance,,,1,1
allein,,,5,2
allem,,,6,2
allen,,,1,1
aller,,,3,2
allerdings,,,1,1
alles,,,16,2
allgemein,,,1,1
allgemeine,,,1,1
allmählich,,,1,1
allows,,,1,1
alma,,,1,1
almost,,,1,1
almvieh,,,1,1
alphabets,,,1,1
als,,,46,2
also,,,13,2
alt,,,2,2
alte,,,2,1
alten,,,2,2
alternative,,,1,1
alters,,,1,1
although,,,3,2
alveolar,,,1,1
am,,,42,2
amerigha,,,1,1
amerikaner,,,1,1
among,,,1,1
amt,,,1,1
amy,,,1,1
amüsiert,,,1,1
an,,,55,2
anconzernt,,,1,1
and,,,27,2
ande,,,1,1
andere,,,15,2
anderen,,,6,2
anderer,,,2,1
anderes,,,1,1
andern,,,5,2
anders,,,15,2
anderson,,,1,1
anderswo,,,1,1
andreas,,,1,1
androgynem,,,1,1
anfang,,,3,2
anfangs,,,1,1
anfänger,,,1,1
angeboren,,,1,1
angeborene,,,1,1
angefangene,,,1,1
angefangenen,,,1,1
angel,,,1,1
angelagert,,,1,1
angeles,,,1,1
angeln,,,2,2
angelockt,,,1,1
angesichts,,,1,1
angewandte,,,1,1
angezogen,,,1,1
angst,,,2,2
angsttrauben,,,1,1
anhaftungen,,,1,1
anhaltendes,,,1,1
animals,,,1,1
anker,,,1,1
ankreuzen,,,1,1
ankunft,,,4,2
ankömmlinge,,,1,1
anlangen,,,1,1
anlaß,,,1,1
anleitung,,,1,1
anna,,,10,1
annablumetalent,,,1,1
annalog,,,4,1
annaloge,,,1,1
annan,,,1,1
anomalies,,,1,1
another,,,3,2
anprall,,,1,1
ans,,,4,2
ansah,,,1,1
anschauen,,,1,1
anschaute,,,1,1
anschlag,,,2,1
anschmiegt,,,2,1
ansieht,,,1,1
ansonsten,,,1,1
anstand,,,1,1
anstelle,,,1,1
anstellen,,,1,1
anstrengt,,,1,1
anstrich,,,1,1
antwerpen,,,1,1
antwort,,,2,1
any,,,3,1
anyone,,,1,1
anzeigt,,,1,1
anzuziehen,,,1,1
anzuzieren,,,1,1
apart,,,1,1
aphasie,,,1,1
aphasieren,,,1,1
aphasikern,,,1,1
aphasische,,,1,1
aphasischen,,,1,1
aphasischer,,,1,1
appelliren,,,1,1
applaudiert,,,1,1
applies,,,1,1
april,,,3,1
arbeit,,,5,2
arbeitet,,,2,1
arch,,,1,1
archipel,,,1,1
are,,,6,1
arge,,,1,1
arm,,,2,1
arme,,,1,1
armen,,,1,1
around,,,1,1
arrangieren,,,2,1
art,,,11,2
artig,,,2,1
artiges,,,1,1
artikel,,,1,1
arzt,,,1,1
as,,,11,2
asche,,,1,1
aschefleck,,,1,1
ashberys,,,1,1
aski,,,1,1
assum,,,1,1
asyl,,,1,1
at,,,13,2
atem,,,1,1
atemabstand,,,1,1
atemflucht,,,1,1
athletik,,,1,1
atlantik,,,2,1
attlng,,,1,1
attrition,,,1,1
au,,,2,2
auch,,,40,2
aud,,,1,1
auen,,,2,1
auf,,,87,2
aufbau,,,2,1
aufbaus,,,1,1
aufbewahrt,,,1,1
aufbockt,,,1,1
aufbündchen,,,1,1
aufellis,,,1,1
aufenthalte,,,1,1
auffasst,,,1,1
aufgehen,,,2,1
aufgeht,,,1,1
aufgelesen,,,1,1
aufgelöst,,,2,1
aufgemacht,,,1,1
aufgepicktem,,,1,1
aufgespalten,,,1,1
auflage,,,1,1
auflassräume,,,1,1
auflösungserscheinungen,,,1,1
aufpapua,,,1,1
aufprall,,,1,1
aufreibestelle,,,1,1
aufs,,,2,1
aufschäumende,,,1,1
aufsetzen,,,1,1
aufstau,,,1,1
aufsteigt,,,1,1
auftanken,,,1,1
aug,,,1,1
auge,,,1,1
augen,,,10,2
augenblicke,,,1,1
augenklar,,,1,1
augenspitze,,,2,1
augenweitendes,,,1,1
augenübergehn,,,1,1
aura,,,1,1
aurelie,,,1,1
aurora,,,1,1
aus,,,60,2
ausbleibenden,,,1,1
ausgang,,,1,1
ausgebauten,,,1,1
ausgebildetes,,,1,1
ausgefallen,,,1,1
ausgegraben,,,1,1
ausgehend,,,1,1
ausgemacht,,,1,1
ausgesetzt,,,1,1
ausgesetzten,,,1,1
ausgestülpt,,,1,1
auslassing,,,1,1
auslauf,,,2,1
auslegt,,,1,1
ausrufen,,,1,1
aussehen,,,2,1
ausspracheregeln,,,1,1
ausströmen,,,1,1
aussuchen,,,1,1
austerninsel,,,1,1
austreibt,,,1,1
auswanderer,,,2,1
auswandererschiff,,,1,1
ausweis,,,1,1
auszupacken,,,2,1
authori,,,1,1
autl,,,1,1
auto,,,1,1
autocontrol,,,1,1
automatisierte,,,3,1
automatisierten,,,1,1
autorin,,,1,1
außen,,,1,1
avenue,,,1,1
aßen,,,1,1
b,,,18,2
ba,,,2,1
babeltrack,,,8,1
back,,,1,1
bad,,,4,2
badly,,,1,1
bahnen,,,1,1
bahnental,,,1,1
bahnhof,,,1,1
bahnsteigkante,,,1,1
bahnung,,,1,1
bald,,,7,2
ballon,,,1,1
ballonartig,,,1,1
ballsaal,,,1,1
bananental,,,1,1
band,,,3,2
bande,,,1,1
bandes,,,1,1
bannen,,,1,1
barbara,,,3,1
barbe,,,1,1
barfuß,,,1,1
bart,,,1,1
basilikum,,,1,1
bastmatten,,,1,1
bastschirms,,,1,1
bau,,,1,1
bauch,,,1,1
bauchhöhle,,,1,1
bauchrednerin,,,1,1
bauen,,,1,1
baum,,,3,1
baumschule,,,2,1
bayern,,,1,1
bayrischen,,,1,1
bcttcr,,,1,1
be,,,7,2
bearbeiten,,,1,1
becher,,,2,1
becherchen,,,1,1
bed,,,1,1
bedacht,,,1,1
bedenke,,,2,1
bedeutungsschwanger,,,1,1
beehive,,,2,1
been,,,4,2
beere,,,1,1
beerenpause,,,3,1
beeton,,,2,1
befand,,,1,1
befindet,,,1,1
befindliche,,,1,1
before,,,1,1
begann,,,1,1
begin,,,1,1
beginn,,,1,1
begleitet,,,1,1
begriffen,,,1,1
begründet,,,1,1
begrüßen,,,1,1
beguine,,,1,1
behandlung,,,2,1
behandlungen,,,1,1
beherrschen,,,1,1
beherrschte,,,2,1
behält,,,1,1
behördlich,,,1,1
behütet,,,1,1
bei,,,24,2
beiden,,,1,1
beider,,,1,1
beige,,,1,1
beim,,,9,2
bein,,,4,2
beinahe,,,1,1
beingjudged,,,1,1
beispiel,,,5,2
beispiele,,,1,1
bekam,,,1,1
bekannt,,,1,1
bekanntlich,,,2,2
bekämpfte,,,1,1
beliebiger,,,1,1
believe,,,1,1
belonging,,,2,1
beltrack,,,2,1
bembo,,,1,1
benennen,,,1,1
benimmwege,,,1,1
beobachten,,,1,1
beobachter,,,1,1
bequem,,,1,1
bequeme,,,1,1
bereich,,,2,1
bereit,,,2,2
bereitgestellter,,,1,1
bereits,,,2,1
bereitschaft,,,1,1
berg,,,1,1
bericht,,,1,1
berlin,,,1,1
berliner,,,1,1
bernstein,,,2,1
berry,,,1,1
berrybad,,,1,1
bertha,,,4,1
berühmtes,,,1,1
berührt,,,1,1
berührten,,,1,1
beschaffenheit,,,1,1
beschreibung,,,1,1
beschriftet,,,1,1
beschwerden,,,1,1
beschwerlich,,,1,1
beschäftigt,,,3,1
besetzt,,,1,1
besiegt,,,1,1
besinnt,,,1,1
besonders,,,1,1
besser,,,4,1
bessie,,,1,1
bessies,,,1,1
bestellen,,,1,1
besten,,,2,1
bestickte,,,1,1
bestimmter,,,1,1
bestückt,,,1,1
besungen,,,1,1
bet,,,2,1
beteuern,,,1,1
betreffenden,,,1,1
betroffen,,,1,1
bett,,,5,1
bettbezügen,,,1,1
between,,,1,1
betören,,,1,1
beugen,,,1,1
beutel,,,1,1
bewahrt,,,1,1
bewegen,,,2,1
bewegten,,,1,1
bezahlen,,,1,1
bezeugen,,,1,1
bezeugt,,,1,1
bezwingen,,,1,1
bezüge,,,1,1
bezügen,,,2,1
bg,,,1,1
bibbernde,,,1,1
biegung,,,1,1
bieten,,,2,2
bietet,,,1,1
big,,,2,1
bigger,,,1,1
bilcze,,,1,1
bild,,,6,2
bilden,,,2,2
bilingual,,,1,1
billigste,,,1,1
bin,,,9,2
binden,,,1,1
bindewort,,,1,1
bindung,,,1,1
biome,,,1,1
biometriegestützte,,,2,1
biornetrie,,,1,1
birgt,,,1,1
bis,,,15,2
bischofsreut,,,1,1
bisschen,,,1,1
bist,,,2,1
bitte,,,3,1
bjarnad,,,1,1
black,,,1,1
blase,,,3,1
blasen,,,2,1
blasse,,,1,1
blatte,,,1,1
blattspitzen,,,1,1
blau,,,2,2
blauen,,,1,1
blauer,,,2,1
blaupause,,,2,1
bleib,,,1,1
bleibe,,,1,1
bleiben,,,3,2
bleibt,,,9,2
blick,,,4,2
blicke,,,1,1
blickfang,,,1,1
blickheft,,,1,1
blicking,,,1,1
blicklichten,,,1,1
blieb,,,4,2
blieben,,,1,1
blind,,,1,1
blinded,,,1,1
blindness,,,1,1
blink,,,1,1
blinzeln,,,1,1
blond,,,1,1
bloß,,,7,2
blume,,,1,1
blumen,,,3,1
blumenhändler,,,1,1
blumenschmuggler,,,1,1
blumenstrauß,,,1,1
blumige,,,1,1
blusteren,,,1,1
blut,,,1,1
bluterguss,,,1,1
blutlos,,,1,1
blühend,,,1,1
blüht,,,1,1
blüte,,,2,1
blüten,,,4,1
blütenstuss,,,1,1
bobbing,,,1,1
bodies,,,1,1
body,,,3,1
bogen,,,3,1
bogenpicots,,,1,1
bohr,,,2,1
bohren,,,1,1
book,,,1,1
books,,,1,1
bord,,,5,2
bordell,,,1,1
borderline,,,1,1
borders,,,1,1
bored,,,1,1
borge,,,1,1
borgen,,,1,1
born,,,1,1
bosch,,,2,1
boschlagene,,,1,1
boss,,,1,1
bougainville,,,4,1
bov,,,1,1
boy,,,1,1
brach,,,1,1
brachte,,,2,1
brandungsgewandt,,,1,1
braucht,,,1,1
brauste,,,1,1
brechen,,,3,1
brei,,,1,1
breit,,,1,1
breite,,,1,1
brennt,,,2,2
brett,,,1,1
breuer,,,3,1
brian,,,1,1
bricklebrit,,,7,1
bricklebrjt,,,1,1
brides,,,1,1
brief,,,3,1
brigade,,,1,1
brigaden,,,1,1
bringen,,,1,1
bringt,,,3,2
brittleschöne,,,1,1
broca,,,1,1
bros,,,1,1
brownstone,,,1,1
bruder,,,2,1
brumm,,,1,1
brust,,,4,2
brustton,,,1,1
bröckelt,,,1,1
brüchige,,,1,1
brüchigen,,,1,1
brücke,,,1,1
brücken,,,2,1
brüder,,,3,1
brüllte,,,1,1
brüten,,,1,1
buch,,,2,1
buchstaben,,,1,1
buckel,,,2,2
bucklige,,,1,1
buh,,,1,1
bundesdruckerei,,,1,1
bundespolizei,,,1,1
bunnies,,,2,1
bus,,,1,1
business,,,1,1
but,,,7,2
button,,,1,1
buttons,,,1,1
by,,,12,2
byometric,,,1,1
bälgern,,,1,1
bändern,,,1,1
bärwurz,,,2,1
bö,,,2,2
bögen,,,2,1
bündel,,,1,1
bürgerlicher,,,1,1
c,,,29,2
called,,,1,1
calves,,,1,1
camp,,,1,1
can,,,3,2
canal,,,1,1
cancelt,,,1,1
capability,,,1,1
card,,,2,1
carroll,,,1,1
carta,,,1,1
cattle,,,1,1
caught,,,1,1
cazdyn,,,1,1
cchnung,,,1,1
ceillet,,,1,1
celan,,,1,1
cellae,,,1,1
certificate,,,1,1
champagner,,,2,1
chandler,,,1,1
chandlers,,,1,1
character,,,1,1
charles,,,2,1
charme,,,1,1
chartis,,,1,1
chatter,,,1,1
che,,,1,1
checked,,,1,1
ches,,,1,1
chicago,,,1,1
chimney,,,1,1
chr,,,1,1
christensen,,,1,1
chwappten,,,1,1
cia,,,1,1
cid,,,45,2
cihe,,,1,1
citizen,,,1,1
cixous,,,1,1
ck,,,1,1
cken,,,1,1
clam,,,1,1
clash,,,1,1
clatn,,,1,1
clear,,,1,1
clock,,,1,1
closed,,,2,2
closet,,,1,1
club,,,1,1
cm,,,1,1
cnough,,,1,1
cognates,,,2,1
cold,,,6,1
collar,,,2,1
collegiate,,,1,1
come,,,1,1
comes,,,1,1
computer,,,1,1
conditions,,,1,1
conjunctivjtis,,,1,1
constant,,,1,1
contagious,,,1,1
contained,,,1,1
conversion,,,1,1
converting,,,1,1
cooked,,,1,1
copying,,,1,1
cotton,,,1,1
could,,,1,1
country,,,2,1
cramps,,,1,1
creatures,,,1,1
creidtus,,,1,1
cri,,,1,1
crossed,,,1,1
crroshocks,,,1,1
crs,,,1,1
cruellest,,,1,1
crux,,,1,1
cs,,,1,1
ct,,,14,1
ctrungsruf,,,1,1
cure,,,1,1
cäcilie,,,1,1
cördoba,,,1,1
d,,,11,2
da,,,18,2
daaden,,,1,1
dabei,,,6,2
dach,,,1,1
dachte,,,1,1
dachten,,,1,1
dafür,,,2,2
dagegen,,,5,2
dagene,,,2,1
daheim,,,2,1
daher,,,1,1
dahin,,,1,1
dahinter,,,2,2
damages,,,1,1
dame,,,3,2
damit,,,7,2
dammit,,,1,1
damn,,,1,1
dampfend,,,1,1
dancerbeard,,,1,1
daneben,,,1,1
daniela,,,2,2
dank,,,1,1
dann,,,30,2
dannen,,,1,1
daran,,,1,1
darauf,,,4,2
darbend,,,1,1
darf,,,1,1
darin,,,6,2
darnm,,,1,1
darum,,,6,1
darunter,,,3,1
darüber,,,3,1
das,,,153,2
dass,,,32,2
data,,,1,1
dattern,,,3,1
daumengroß,,,1,1
david,,,1,1
davon,,,4,2
davonkam,,,1,1
dazu,,,5,2
dazwischen,,,1,1
daß,,,1,1
dc,,,1,1
dcic,,,1,1
dcscrrcd,,,1,1
de,,,3,2
dead,,,1,1
dear,,,1,1
deck,,,2,1
deckchen,,,1,1
decke,,,1,1
deckehen,,,1,1
deckel,,,1,1
decken,,,2,1
defect,,,1,1
definite,,,1,1
deflower,,,1,1
deftig,,,1,1
dehnung,,,1,1
dein,,,2,1
deine,,,5,2
deinem,,,1,1
deiner,,,4,2
deines,,,1,1
dem,,,59,2
democratic,,,1,1
den,,,92,2
denen,,,3,2
denken,,,3,2
denklichen,,,1,1
denn,,,5,2
dennoch,,,1,1
denselben,,,1,1
department,,,2,1
deplacierer,,,1,1
deportierten,,,1,1
depth,,,1,1
der,,,229,2
deren,,,4,1
ders,,,1,1
derselbe,,,1,1
derweil,,,2,1
des,,,34,2
deshalb,,,1,1
destroys,,,1,1
detektive,,,1,1
detlef,,,2,1
deuten,,,1,1
deutend,,,1,1
deutlich,,,1,1
deutsch,,,2,2
deutsche,,,1,1
deutschen,,,2,2
deutschland,,,3,2
diagnosis,,,1,1
diagnostizierte,,,1,1
dich,,,11,2
dichterdoktor,,,1,1
dick,,,2,2
dicker,,,1,1
dickicht,,,1,1
dickichten,,,1,1
dictionary,,,1,1
did,,,2,1
dideldum,,,1,1
didn,,,2,1
die,,,305,2
dielen,,,1,1
dienst,,,1,1
dies,,,2,1
diese,,,9,2
diesem,,,4,2
diesen,,,6,2
dieser,,,10,2
dieses,,,6,2
dieu,,,1,1
different,,,1,1
differing,,,1,1
diktieren,,,1,1
dillmont,,,1,1
ding,,,3,1
dinge,,,5,2
dingen,,,1,1
dinger,,,1,1
dingwort,,,1,1
dioxin,,,4,1
dipse,,,1,1
dir,,,7,2
direktverbindung,,,1,1
dis,,,3,2
disease,,,2,1
dislike,,,2,1
disorder,,,2,2
displaced,,,1,1
disponierenden,,,1,1
disseits,,,1,1
diverse,,,1,1
dn,,,1,1
do,,,1,1
doch,,,15,2
docsn,,,1,1
doctor,,,1,1
doctors,,,1,1
doesn,,,1,1
dog,,,3,1
doktor,,,9,1
dokumente,,,1,1
dolmetscher,,,1,1
dolna,,,1,1
don,,,2,2
donnerstag,,,1,1
donut,,,2,1
door,,,1,1
doppel,,,2,1
doppelgeherrede,,,1,1
doppeln,,,1,1
doppelt,,,1,1
dorf,,,2,1
dorfplatz,,,1,1
dors,,,2,1
dort,,,3,2
dorthin,,,1,1
douglas,,,2,1
down,,,2,1
dr,,,1,1
dran,,,3,2
draus,,,1,1
draußen,,,3,2
drc,,,1,1
dreck,,,1,1
dreht,,,1,1
drehtest,,,1,1
drei,,,1,1
dreieinhalb,,,1,1
dreimal,,,2,1
dreizehn,,,1,1
drin,,,3,1
dritter,,,1,1
drittes,,,1,1
drive,,,1,1
druck,,,2,2
drum,,,1,1
drunter,,,2,2
drängte,,,1,1
drüben,,,1,1
drüber,,,2,2
dt,,,1,1
du,,,30,2
dumbfounded,,,1,1
dumpfes,,,1,1
dunkel,,,3,2
dunkeldeutsch,,,1,1
dunkle,,,1,1
dunklen,,,5,2
dunkler,,,1,1
dunst,,,3,1
duplicate,,,1,1
durch,,,23,2
durchbrechung,,,1,1
durchbruchsgurren,,,1,1
durchfressen,,,1,1
durchkommen,,,1,1
durchlassen,,,1,1
durchlauf,,,1,1
durchleuchtete,,,1,1
durchliefen,,,1,1
durchlässig,,,1,1
durchs,,,3,1
durchstoßen,,,1,1
durchweicht,,,1,1
durchzieht,,,1,1
durst,,,4,2
dus,,,1,1
dust,,,1,1
dvasyl,,,1,1
dyres,,,1,1
dächer,,,1,1
dämmern,,,1,1
dämmerns,,,1,1
dämmerung,,,2,2
dörfer,,,1,1
döselte,,,1,1
dösen,,,1,1
dösiger,,,1,1
düne,,,1,1
dünne,,,1,1
dünnen,,,1,1
dürfen,,,2,1
e,,,17,1
eagle,,,1,1
eat,,,1,1
eben,,,5,2
echo,,,1,1
echten,,,1,1
eckzähne,,,1,1
edouard,,,1,1
egal,,,1,1
egale,,,1,1
ehe,,,4,1
eher,,,4,2
ehrlich,,,1,1
eich,,,1,1
eiförmige,,,1,1
eigen,,,1,1
eigene,,,1,1
eigenen,,,4,2
eigenhändig,,,1,1
eigenschaftswörter,,,1,1
eignes,,,2,1
ein,,,150,2
einander,,,7,2
eine,,,61,2
einem,,,17,2
einen,,,22,2
einer,,,13,2
eines,,,6,2
einfach,,,3,1
einfällt,,,1,1
eingangshalle,,,2,1
eingerollt,,,1,1
eingeschränkt,,,1,1
eingesperrt,,,1,1
einheimsen,,,1,1
einklang,,,1,1
einladende,,,1,1
einmal,,,4,2
einreißen,,,1,1
einrichtung,,,1,1
eins,,,1,1
einsam,,,1,1
einschlagen,,,1,1
einst,,,1,1
einsträuchert,,,1,1
eintrag,,,1,1
einwand,,,1,1
einwandererzeit,,,1,1
einzeln,,,2,1
einzige,,,1,1
einziges,,,1,1
either,,,2,1
el,,,1,1
electronic,,,1,1
elf,,,1,1
elfte,,,1,1
elften,,,1,1
elizabeth,,,1,1
ellis,,,3,1
elterliches,,,1,1
eltern,,,2,2
em,,,1,1
emer,,,1,1
empfang,,,1,1
empfangs,,,1,1
empfundene,,,1,1
en,,,1,1
encyclopedia,,,1,1
end,,,1,1
ende,,,4,2
enden,,,3,1
endet,,,1,1
endlich,,,4,2
eng,,,1,1
engagierte,,,1,1
enge,,,1,1
engel,,,1,1
englisch,,,4,1
englischen,,,2,1
englisches,,,1,1
enkel,,,2,1
enrolrnent,,,1,1
ent,,,1,1
entdeckt,,,1,1
entdeckten,,,1,1
entfachen,,,1,1
entfernung,,,1,1
entgeistert,,,1,1
entglaubung,,,1,1
entgrenzende,,,1,1
enthüllung,,,1,1
entkernung,,,1,1
entlassen,,,1,1
entlaubung,,,1,1
entlocken,,,1,1
entneh,,,1,1
entscheiden,,,1,1
entschieden,,,1,1
entsprechend,,,1,1
entsprungen,,,1,1
entstehen,,,1,1
entweder,,,2,1
entwickeln,,,1,1
entwicklung,,,1,1
entzückt,,,1,1
entzücktes,,,1,1
er,,,24,2
erblindung,,,1,1
erdachsengerade,,,1,1
erde,,,4,2
ereignisse,,,1,1
erfand,,,1,1
erfinderin,,,1,1
erhielten,,,1,1
erhängt,,,1,1
erika,,,1,1
erinnere,,,1,1
erinnern,,,2,1
erinnerung,,,1,1
erkannten,,,1,1
erkennungsdienstlich,,,2,1
erlagen,,,1,1
erlaubt,,,1,1
erlöst,,,1,1
ermutige,,,1,1
errichteten,,,1,1
ers,,,1,1
erschei,,,1,1
erschrecken,,,1,1
erst,,,5,2
erstarrten,,,1,1
erste,,,4,2
erstem,,,1,1
ersten,,,4,2
ertappt,,,1,1
erwarf,,,1,1
erwiesen,,,1,1
erwischt,,,1,1
erwähnen,,,1,1
erzeugen,,,3,2
erzeugt,,,2,1
erzählt,,,1,1
es,,,72,2
esel,,,1,1
esse,,,2,1
essen,,,1,1
esta,,,1,1
estland,,,1,1
etc,,,2,2
ethnischen,,,2,1
ethod,,,1,1
etwa,,,2,2
etwas,,,2,1
europa,,,1,1
eva,,,1,1
evening,,,1,1
ewig,,,2,1
example,,,1,1
exceeds,,,1,1
excellent,,,1,1
excuse,,,2,1
exist,,,1,1
existenz,,,2,1
existieren,,,1,1
exlaub,,,1,1
experience,,,1,1
explosionen,,,1,1
extent,,,1,1
extra,,,1,1
extraterrestrial,,,1,1
eye,,,1,1
eyelet,,,1,1
eyes,,,5,1
f,,,12,2
face,,,5,2
faces,,,1,1
fach,,,2,1
facher,,,1,1
fact,,,2,1
factory,,,1,1
fad,,,1,1
faden,,,13,2
fahnden,,,1,1
fahnen,,,1,1
fahren,,,3,2
fairchild,,,1,1
fala,,,1,1
fall,,,4,1
falle,,,1,1
fallen,,,2,2
falling,,,1,1
falls,,,3,2
fallt,,,3,1
falsch,,,1,1
falsche,,,4,1
falschem,,,1,1
falschen,,,2,1
falscher,,,1,1
false,,,1,1
falta,,,1,1
faltbrigaden,,,1,1
falten,,,4,2
faltenwürfe,,,1,1
falterhaft,,,1,1
falterndes,,,1,1
falteten,,,1,1
falz,,,1,1
family,,,2,2
fand,,,2,2
fanden,,,1,1
fang,,,1,1
fantom,,,1,1
farbe,,,1,1
farben,,,1,1
farbpaletten,,,1,1
fassen,,,1,1
fassenden,,,1,1
fassliche,,,1,1
fast,,,5,2
fate,,,1,1
faul,,,1,1
fauteuil,,,1,1
favus,,,2,1
februar,,,7,1
feder,,,1,1
federling,,,1,1
feet,,,2,1
fegert,,,1,1
fehlen,,,3,1
fehlentwürfe,,,1,1
fehlst,,,1,1
fehlt,,,6,2
fehlte,,,1,1
fehlten,,,1,1
feigen,,,1,1
feil,,,1,1
feine,,,1,1
feld,,,3,2
fell,,,1,1
fellen,,,1,1
felt,,,1,1
fenster,,,9,2
fenstergitter,,,1,1
fenstergroßen,,,2,1
fensterladen,,,1,1
feriendings,,,1,1
fern,,,3,1
ferne,,,2,2
ferner,,,1,1
fertig,,,1,1
fest,,,3,1
festländer,,,2,1
fetzen,,,1,1
feuchte,,,1,1
feuer,,,2,2
few,,,1,1
fibel,,,1,1
fichten,,,2,1
fichts,,,1,1
fiel,,,1,1
figuren,,,1,1
find,,,1,1
finde,,,3,2
finden,,,3,1
findes,,,1,1
findung,,,1,1
fingen,,,1,1
finger,,,7,2
fingerhut,,,1,1
fingern,,,2,1
firn,,,1,1
first,,,1,1
fisch,,,1,1
fische,,,2,2
fischen,,,1,1
fischersspunden,,,1,1
fischfrau,,,1,1
fischt,,,1,1
fish,,,1,1
flabbergasted,,,1,1
flachen,,,1,1
flackern,,,2,1
flackert,,,1,1
flag,,,1,1
flame,,,1,1
flatternden,,,1,1
flatternder,,,1,1
flecht,,,1,1
fleck,,,1,1
flecken,,,2,1
fleckig,,,1,1
fleisch,,,1,1
fleischs,,,1,1
fleur,,,3,1
fliegen,,,2,2
fliegenden,,,1,1
fließen,,,1,1
flog,,,2,1
floralen,,,1,1
floriert,,,1,1
flower,,,1,1
fluch,,,1,1
fluffen,,,1,1
flufft,,,1,1
flur,,,2,1
fluss,,,2,1
flut,,,1,1
fluten,,,2,1
flutschende,,,1,1
fläche,,,1,1
flügel,,,4,2
flüstern,,,3,2
fog,,,1,1
folg,,,1,1
folge,,,1,1
folgt,,,2,1
folgten,,,1,1
folie,,,1,1
folly,,,1,1
food,,,1,1
for,,,13,2
fordere,,,1,1
foreign,,,3,1
foreignness,,,1,1
form,,,3,1
formen,,,4,1
formenschiff,,,1,1
formlosen,,,1,1
forschen,,,1,1
forst,,,1,1
fort,,,4,2
fortgegangen,,,1,1
fortjagte,,,1,1
fotomustertafel,,,1,1
fracht,,,1,1
frack,,,2,1
frag,,,1,1
frage,,,1,1
fragen,,,4,1
fragile,,,1,1
fragliche,,,1,1
fragt,,,3,2
franca,,,1,1
frankfurt,,,1,1
frankreich,,,1,1
fransige,,,1,1
französisch,,,1,1
frau,,,1,1
frauen,,,2,2
frauenrechtlerin,,,1,1
frauenzimmer,,,1,1
frecherchen,,,1,1
fred,,,1,1
frei,,,4,2
freie,,,1,1
freigang,,,1,1
freight,,,1,1
freisprechanlage,,,1,1
freitag,,,1,1
freiwillige,,,2,1
fremd,,,1,1
fremde,,,3,2
fremden,,,1,1
fremdes,,,1,1
fremdheit,,,1,1
french,,,1,1
freud,,,7,2
freude,,,1,1
freudless,,,1,1
freuen,,,1,1
freund,,,4,1
freunde,,,3,1
freundin,,,1,1
friare,,,1,1
friedemann,,,1,1
friederike,,,1,1
friends,,,1,1
frieren,,,1,1
friese,,,1,1
fright,,,1,1
frischen,,,1,1
frisuren,,,1,1
fritz,,,1,1
frohlockende,,,1,1
from,,,1,1
frontier,,,1,1
frorn,,,1,1
froschkehlen,,,1,1
froschsang,,,1,1
froschtrack,,,1,1
frost,,,1,1
früh,,,2,1
frühen,,,2,2
früher,,,1,1
frühling,,,1,1
ft,,,12,1
fuhr,,,1,1
funken,,,1,1
fusselig,,,1,1
futtersprache,,,1,1
fächergaben,,,1,1
fächern,,,1,1
fäden,,,1,1
fälle,,,1,1
fänden,,,1,1
fängt,,,2,1
färbe,,,1,1
fördern,,,1,1
förderung,,,1,1
förmige,,,1,1
fühlen,,,1,1
fühleraugen,,,1,1
fühlt,,,2,1
führen,,,4,2
führn,,,1,1
führt,,,1,1
führten,,,1,1
führung,,,1,1
fülle,,,1,1
füllt,,,1,1
fünf,,,2,2
für,,,60,2
fürwaswörter,,,1,1
fürwörter,,,1,1
fütterte,,,1,1
fütterung,,,2,1
füße,,,1,1
füßen,,,1,1
g,,,17,1
gab,,,3,2
gabe,,,2,1
gabeln,,,1,1
galgeninsel,,,1,1
gallertartiges,,,1,1
gang,,,2,2
ganz,,,6,2
ganze,,,1,1
ganzer,,,1,1
gap,,,1,1
gar,,,8,2
garde,,,1,1
gardemanger,,,1,1
garden,,,1,1
garderobe,,,1,1
gardncr,,,1,1
gardner,,,1,1
garne,,,1,1
garnier,,,1,1
garten,,,4,2
gastmahl,,,1,1
gastwartend,,,1,1
gate,,,1,1
gaumen,,,2,1
ge,,,1,1
gebabelt,,,1,1
gebannt,,,1,1
gebe,,,1,1
geben,,,1,1
gebeugt,,,1,1
gebildet,,,1,1
gebildete,,,2,1
gebinden,,,1,1
gebiss,,,1,1
geboren,,,2,2
geborgen,,,1,1
geborgte,,,1,1
gebrauchte,,,1,1
gebrechen,,,1,1
gebrochen,,,1,1
gebubbelt,,,1,1
ged,,,1,1
gedacht,,,4,1
gedanke,,,2,1
gedankenschneisen,,,1,1
gedenken,,,1,1
gedenkt,,,1,1
gedicht,,,1,1
gedichte,,,2,2
gedichts,,,1,1
gedichtsammlung,,,1,1
gedieht,,,5,1
gedrückt,,,1,1
gefallen,,,1,1
gefaltet,,,1,1
gefangnis,,,1,1
gefangt,,,1,1
gefasst,,,1,1
geflogen,,,1,1
gefördert,,,1,1
gefühl,,,1,1
gefühlt,,,1,1
geführt,,,1,1
gegellt,,,1,1
gegen,,,4,2
gegenden,,,2,1
gegenherz,,,1,1
gegensatz,,,1,1
gegenteil,,,1,1
gegenworte,,,1,1
gegenüber,,,1,1
gegenüberkopf,,,1,1
gegolten,,,1,1
geh,,,8,2
gehabt,,,2,1
gehalten,,,2,1
gehauchtes,,,1,1
gehege,,,1,1
geheimen,,,1,1
geheimnis,,,2,1
geheimrat,,,1,1
gehen,,,6,2
gehender,,,1,1
gehn,,,2,1
geholfen,,,1,1
gehstock,,,1,1
geht,,,2,2
gehts,,,1,1
gehäkeltes,,,1,1
gehören,,,1,1
gehört,,,4,2
gehörten,,,1,1
gehüllt,,,1,1
geistige,,,2,1
gejagt,,,1,1
gekleidet,,,1,1
gekoppelt,,,1,1
gekreuzten,,,1,1
gelassen,,,3,2
gelb,,,1,1
gelben,,,1,1
gelblicher,,,1,1
geleerten,,,1,1
gelegen,,,1,1
gelegenheit,,,2,1
gelegte,,,1,1
gelegten,,,1,1
gelenken,,,1,1
gelerntes,,,1,1
gelesen,,,2,1
gelingen,,,1,1
gelungen,,,1,1
geläufig,,,1,1
gelüpften,,,1,1
gemacht,,,2,1
gemeinsam,,,2,1
gemeinsame,,,1,1
gemeinsamen,,,1,1
gemeint,,,3,2
gemeinwesen,,,1,1
gemoppeltes,,,1,1
genannt,,,1,1
genau,,,3,2
genaue,,,1,1
genauer,,,1,1
gene,,,4,1
general,,,1,1
generalisierung,,,1,1
generally,,,3,1
geniert,,,1,1
genug,,,4,2
genuinely,,,1,1
genuss,,,1,1
genügend,,,1,1
genügt,,,1,1
george,,,3,2
gepackt,,,1,1
gepflegt,,,1,1
gepflückten,,,1,1
gepflückter,,,1,1
geplagt,,,1,1
gepresst,,,1,1
gepäckstation,,,1,1
gequakten,,,1,1
gerecht,,,1,1
gericht,,,1,1
gering,,,1,1
german,,,2,1
germs,,,1,1
gerne,,,1,1
gerrnany,,,1,1
gertrude,,,2,1
geräusch,,,1,1
gerührt,,,1,1
gerüst,,,1,1
gerüstbauern,,,1,1
gerüstnik,,,1,1
gesagt,,,2,1
gesandt,,,1,1
gesankt,,,1,1
gesaugt,,,1,1
geschah,,,1,1
geschichten,,,3,2
geschickt,,,1,1
geschlechtswörter,,,1,1
geschmeidig,,,1,1
geschnitzte,,,1,1
geschnürt,,,1,1
geschrieben,,,4,2
geschult,,,1,1
geschäft,,,1,1
geschäfts,,,1,1
gesehen,,,3,2
gesetzt,,,2,2
gesicht,,,8,2
gesichter,,,1,1
gesichtsblindheit,,,2,1
gesichtsfeldeinengung,,,1,1
gesottnes,,,1,1
gespenster,,,1,1
gespielt,,,1,1
gespinst,,,1,1
gespräch,,,1,1
gesprächen,,,1,1
gesprächspflücking,,,1,1
gestalt,,,1,1
gestaltet,,,1,1
gestaltung,,,1,1
gestellt,,,1,1
gestern,,,1,1
gestrandet,,,1,1
gestriegelt,,,1,1
gestundete,,,1,1
gestörte,,,1,1
gesuch,,,1,1
gesunden,,,1,1
gesunken,,,1,1
get,,,1,1
geteilt,,,1,1
geteiltes,,,1,1
getragen,,,3,2
getragene,,,1,1
getraut,,,1,1
getreten,,,1,1
getroffen,,,1,1
getrunken,,,1,1
getupft,,,1,1
getupfter,,,1,1
gewachsen,,,1,1
gewebe,,,1,1
geweben,,,1,1
geweißt,,,1,1
gewichtigen,,,1,1
gewinnen,,,1,1
gewiss,,,1,1
gewissen,,,1,1
gewissheit,,,2,1
gewittert,,,1,1
gewusste,,,2,1
geysers,,,1,1
gezeitenwechsel,,,1,1
gezundheit,,,1,1
gezupftes,,,1,1
gezählt,,,1,1
geöffnet,,,1,1
gib,,,1,1
gibbet,,,1,1
gibt,,,6,2
gibts,,,2,2
gift,,,2,1
gifte,,,1,1
gilt,,,1,1
ging,,,5,1
ginger,,,1,1
girl,,,2,1
gischt,,,2,1
gisela,,,1,1
gitter,,,2,1
gitterstäbe,,,1,1
give,,,3,1
glanz,,,1,1
glattgestrichen,,,1,1
glauben,,,1,1
glaubt,,,1,1
glaubten,,,1,1
gleich,,,2,1
gleiche,,,2,2
gleichen,,,1,1
gleiches,,,1,1
gleichzeitiger,,,1,1
gleisen,,,1,1
gleiten,,,1,1
glider,,,1,1
glimm,,,1,1
glimmern,,,1,1
glint,,,1,1
glissant,,,1,1
gliönt,,,1,1
glut,,,1,1
glänzen,,,3,2
glänzender,,,1,1
gläser,,,1,1
gläsern,,,1,1
gläsernen,,,1,1
glück,,,1,1
glücksfall,,,1,1
glühende,,,2,1
go,,,5,2
goes,,,4,2
going,,,2,1
golden,,,1,1
goldenen,,,2,1
gomera,,,1,1
good,,,1,1
gossamer,,,1,1
gossip,,,1,1
gossiped,,,1,1
government,,,1,1
grabbe,,,1,1
grace,,,1,1
grad,,,1,1
gram,,,1,1
grammatik,,,1,1
grand,,,1,1
gras,,,3,2
grasen,,,1,1
grasp,,,1,1
graue,,,2,1
grauen,,,1,1
green,,,2,1
greisen,,,1,1
grenz,,,3,1
grenze,,,2,1
grenzen,,,1,1
grenzermund,,,1,1
grenzkompetenzlern,,,1,1
grenzkontrolle,,,2,1
grenzsicht,,,1,1
griechen,,,1,1
griff,,,1,1
griffel,,,1,1
grillen,,,1,1
grimm,,,1,1
grimmig,,,1,1
grimmsches,,,1,1
grinsen,,,2,1
groot,,,1,1
groß,,,2,1
großblättrigen,,,1,1
große,,,2,2
großen,,,4,2
grund,,,3,2
grunde,,,2,2
gruppe,,,1,1
größer,,,1,1
größere,,,1,1
größeren,,,1,1
größter,,,1,1
grübchen,,,1,1
grübeln,,,1,1
grün,,,2,2
gründe,,,3,1
gründen,,,1,1
gründet,,,1,1
gründlich,,,1,1
grüne,,,1,1
grünen,,,1,1
guilty,,,1,1
gums,,,1,1
gundepot,,,1,1
gurgel,,,1,1
gut,,,4,2
gute,,,4,2
guten,,,2,1
gutenberg,,,1,1
guter,,,2,1
gutes,,,1,1
gäb,,,1,1
gänge,,,1,1
gänse,,,1,1
gänsehaut,,,1,1
gänsen,,,2,1
gärtner,,,1,1
gäste,,,3,1
göttlicher,,,1,1
gültig,,,1,1
gürtelweiten,,,1,1
güte,,,1,1
h,,,21,2
haare,,,2,2
haaren,,,1,1
hab,,,6,1
habch,,,1,1
habe,,,5,2
haben,,,23,2
had,,,1,1
hafen,,,1,1
hahn,,,1,1
haifa,,,3,1
halb,,,2,1
halbe,,,2,1
half,,,1,1
halle,,,1,1
hallo,,,2,1
halluzinationen,,,1,1
hals,,,2,1
halsband,,,1,1
halstücher,,,1,1
halt,,,1,1
halte,,,2,2
halten,,,1,1
haltest,,,1,1
haltestelle,,,1,1
hand,,,13,2
handapparat,,,1,1
handarbeiten,,,1,1
handgepäck,,,1,1
handschuh,,,1,1
handschuhschnüren,,,1,1
handstand,,,1,1
hang,,,2,1
hans,,,1,1
hard,,,1,1
hare,,,1,1
harrnony,,,1,1
harry,,,1,1
hart,,,1,1
has,,,3,2
hasen,,,1,1
hast,,,1,1
hat,,,22,2
hatcs,,,1,1
hatte,,,4,2
hatten,,,10,2
hauch,,,2,2
hauchen,,,1,1
hauptbarde,,,1,1
hauptgang,,,1,1
hauptort,,,1,1
haus,,,4,2
hause,,,1,1
hausen,,,1,1
haut,,,7,2
havc,,,1,1
have,,,7,2
hawks,,,1,1
hc,,,1,1
hccomc,,,1,1
hcrvr,,,1,1
hcy,,,1,1
he,,,5,2
health,,,1,1
heart,,,2,1
heaven,,,1,1
heben,,,2,1
hebt,,,2,1
hechelzentrum,,,1,1
hecke,,,1,1
hecken,,,1,1
hedgehog,,,1,1
hef,,,1,1
heft,,,1,1
heim,,,2,2
heimat,,,1,1
heimatland,,,1,1
heimatländer,,,1,1
heimis,,,1,1
heimische,,,1,1
heimischer,,,1,1
heimkehren,,,1,1
heimlich,,,1,1
heimliche,,,2,1
heimlichem,,,1,1
heimliches,,,1,1
heimweg,,,1,1
heimweh,,,1,1
heinrich,,,1,1
heiratsscheine,,,1,1
heiß,,,2,2
heiße,,,1,1
heißen,,,1,1
heißt,,,18,2
helene,,,1,1
helfe,,,1,1
hell,,,1,1
helle,,,1,1
hellen,,,1,1
heller,,,2,2
hellnla,,,1,1
hello,,,1,1
hemd,,,1,1
her,,,11,2
heran,,,1,1
herausgegeben,,,2,2
herausgegebenen,,,1,1
herbst,,,1,1
here,,,1,1
herein,,,1,1
herfallen,,,1,1
herge,,,1,1
hergefangen,,,1,1
hergekornmen,,,1,1
hergetragen,,,1,1
herkunft,,,2,1
herkömmlichen,,,1,1
herr,,,2,1
herrschte,,,1,1
herum,,,1,1
herumkauen,,,1,1
herz,,,2,1
herzlich,,,1,1
herzogsreut,,,1,1
heu,,,1,1
heute,,,6,2
hführungszeichen,,,1,1
hielt,,,2,1
hielte,,,1,1
hielten,,,2,1
hier,,,22,2
hiergeblieben,,,1,1
hiesigen,,,1,1
hieß,,,4,1
hießen,,,1,1
hildur,,,1,1
hin,,,3,1
hinein,,,3,1
hineinfiel,,,1,1
hingekommen,,,1,1
hingucker,,,1,1
hinsichtlich,,,1,1
hinten,,,3,2
hinter,,,4,2
hintergrund,,,1,1
hinterher,,,1,1
hinterland,,,1,1
hinterlassende,,,1,1
hinterlässt,,,1,1
hinterm,,,2,2
hinweg,,,1,1
hinzu,,,1,1
hinüberschaute,,,1,1
hirn,,,1,1
his,,,1,1
hisse,,,1,1
hitchcock,,,1,1
hitze,,,1,1
hl,,,1,1
hoch,,,1,1
hochblätter,,,1,1
hochwertige,,,1,1
hoffnung,,,1,1
hohen,,,1,1
hoher,,,1,1
hol,,,1,1
hole,,,1,1
holen,,,1,1
holes,,,1,1
holpern,,,1,1
holz,,,3,2
holzklotz,,,1,1
home,,,1,1
homeland,,,2,1
honigwaben,,,1,1
hook,,,1,1
hooked,,,1,1
hoppelten,,,1,1
hoppla,,,1,1
horcht,,,1,1
horden,,,1,1
horse,,,1,1
hort,,,1,1
hotels,,,1,1
hours,,,1,1
how,,,1,1
howard,,,3,1
hren,,,1,1
hricklebrit,,,1,1
hsenset,,,1,1
ht,,,4,1
hten,,,1,1
huckelt,,,1,1
huhrende,,,1,1
hui,,,1,1
hund,,,1,1
hunde,,,2,1
hundefreund,,,1,1
hundezunge,,,2,1
hunger,,,1,1
hungerstreik,,,1,1
hungrige,,,1,1
husse,,,1,1
husten,,,2,2
huston,,,1,1
hut,,,4,2
hypnoiden,,,1,1
hypnose,,,1,1
hysterie,,,3,1
häkellichter,,,1,1
hält,,,5,2
hältst,,,1,1
hämmern,,,1,1
hände,,,3,2
händen,,,2,1
hängen,,,1,1
hängten,,,1,1
hätte,,,1,1
hätten,,,2,1
häubchen,,,1,1
häubte,,,1,1
häufig,,,1,1
häufigen,,,1,1
häuser,,,1,1
häutchen,,,1,1
häutig,,,1,1
höchstens,,,1,1
hölzern,,,1,1
höne,,,1,1
höre,,,5,2
hören,,,3,1
hört,,,1,1
hüftblassen,,,1,1
hügel,,,1,1
hülle,,,1,1
hüpfen,,,1,1
hütte,,,1,1
i,,,55,2
iben,,,1,1
iceland,,,1,1
ich,,,138,2
icht,,,2,2
ichtionary,,,1,1
ida,,,1,1
ide,,,1,1
idee,,,1,1
identischen,,,1,1
identität,,,1,1
idiots,,,1,1
idstein,,,1,1
ie,,,1,1
iere,,,1,1
if,,,1,1
igel,,,3,1
ihm,,,4,1
ihn,,,8,2
ihnen,,,2,1
ihr,,,30,2
ihre,,,20,2
ihrem,,,4,2
ihren,,,11,2
ihrer,,,7,2
ii,,,18,2
iii,,,4,2
iimisoara,,,1,1
ijrei,,,1,1
il,,,4,2
illuminate,,,1,1
ilse,,,2,1
iltr,,,1,1
ilust,,,1,1
im,,,98,2
images,,,1,1
imbecile,,,1,1
imigen,,,1,1
imitation,,,1,1
immer,,,12,2
immerhin,,,4,2
in,,,159,2
indielufthauen,,,1,1
indogermanischen,,,1,1
ineinander,,,1,1
ing,,,1,1
ingeborg,,,1,1
inhalt,,,1,1
innen,,,2,2
inneres,,,2,1
innern,,,1,1
innocent,,,1,1
inoffi,,,1,1
ins,,,12,2
insane,,,1,1
inscriptions,,,1,1
insel,,,13,2
inseldienst,,,1,1
inseln,,,2,2
inside,,,1,1
inspektor,,,2,1
inspektors,,,2,1
instance,,,2,1
instant,,,1,1
instanz,,,1,1
instead,,,1,1
interessanterweise,,,1,1
interieurs,,,1,1
into,,,4,1
invariably,,,1,1
inventar,,,1,1
io,,,1,1
iq,,,1,1
irgendwas,,,2,1
irgendwie,,,2,2
iris,,,4,1
irisierende,,,1,1
irrationale,,,1,1
irre,,,4,2
irritierend,,,1,1
irritierende,,,1,1
is,,,27,2
isbn,,,1,1
isch,,,1,1
island,,,7,1
islandpferd,,,1,1
isst,,,1,1
ist,,,85,2
istian,,,1,1
it,,,21,2
italien,,,1,1
itation,,,1,1
itland,,,1,1
itself,,,1,1
iurens,,,1,1
iv,,,2,1
ivsen,,,1,1
ize,,,1,1
j,,,10,1
ja,,,10,2
jaffa,,,3,1
jagen,,,1,1
jahre,,,5,2
jahrelang,,,2,1
jahren,,,2,1
jahres,,,1,1
jahrhundert,,,1,1
jahrzehnte,,,1,1
jakobson,,,2,1
jakobsons,,,1,1
jane,,,6,1
jauchzen,,,1,1
je,,,4,1
jede,,,7,1
jedem,,,3,2
jeden,,,3,2
jedenfalls,,,3,1
jeder,,,7,1
jedes,,,7,2
jedoch,,,1,1
jemand,,,2,2
jene,,,2,1
jetzt,,,15,2
jike,,,1,1
jodel,,,1,1
jodmangel,,,1,1
john,,,2,2
josef,,,1,1
joseph,,,1,1
jot,,,2,1
juchzer,,,1,1
juckt,,,1,1
juckte,,,2,1
juden,,,1,1
jugend,,,1,1
julklapp,,,2,1
junge,,,2,2
jungen,,,1,1
jungend,,,1,1
just,,,3,2
jüdischen,,,1,1
jüngeren,,,1,1
jüngste,,,3,1
jürgen,,,1,1
k,,,18,2
kabine,,,1,1
kaffee,,,2,1
kairo,,,2,1
kalk,,,1,1
kalt,,,4,1
kalte,,,10,1
kalter,,,1,1
kaltes,,,1,1
kam,,,6,2
kamel,,,1,1
kamen,,,3,2
kamin,,,2,1
kammer,,,1,1
kann,,,21,2
kannst,,,2,2
kannste,,,2,1
kannten,,,1,1
kanzlerin,,,1,1
kapernnest,,,1,1
kapier,,,1,1
kapitän,,,2,1
karin,,,1,1
karren,,,1,1
karrte,,,1,1
karte,,,2,2
karten,,,1,1
kartenspiel,,,1,1
kassetten,,,1,1
katas,,,1,1
kathl,,,2,1
kau,,,2,1
kauend,,,1,1
kaufhaus,,,1,1
kaum,,,10,2
ke,,,3,1
keckert,,,2,1
keep,,,1,1
keeps,,,4,1
kehle,,,1,1
keime,,,1,1
kein,,,7,2
keine,,,18,2
keinem,,,2,2
keinen,,,3,1
keiner,,,6,2
keinjota,,,1,1
keins,,,1,1
keks,,,1,1
kelle,,,1,1
keller,,,2,2
kenne,,,1,1
kennen,,,1,1
kennt,,,3,2
kern,,,2,1
kerngrammatik,,,1,1
kernnähe,,,1,1
kerze,,,1,1
kerzen,,,1,1
ki,,,1,1
kiefergarten,,,1,1
kiefern,,,2,1
kieren,,,1,1
kiesel,,,1,1
kieselrot,,,1,1
kig,,,1,1
kin,,,1,1
kind,,,15,2
kinder,,,1,1
kindermund,,,1,1
kindersprache,,,2,1
kinderwagens,,,1,1
kindes,,,1,1
kindhaben,,,1,1
kindheit,,,1,1
kindliche,,,1,1
kindlichen,,,1,1
kinn,,,1,1
kioskh,,,1,1
kissen,,,4,2
kitchen,,,1,1
kl,,,2,1
klackert,,,2,1
klafft,,,1,1
klamm,,,1,1
klamme,,,1,1
klammern,,,1,1
klamotten,,,1,1
klang,,,1,1
klappen,,,1,1
klarer,,,1,1
klassen,,,2,2
klatschende,,,1,1
klaviere,,,1,1
klebrigen,,,1,1
klebte,,,1,1
klee,,,1,1
kleid,,,1,1
kleider,,,2,1
klein,,,3,2
kleine,,,5,2
kleinen,,,8,2
kleiner,,,2,1
kleines,,,4,2
klinge,,,1,1
klingt,,,1,1
klinke,,,1,1
klobige,,,1,1
klopfen,,,1,1
klumpt,,,1,1
kläre,,,1,1
knarzenden,,,2,1
knarzigem,,,1,1
knarzte,,,1,1
knie,,,3,2
knien,,,1,1
kniffe,,,1,1
knistern,,,1,1
knoten,,,6,2
know,,,4,2
known,,,2,1
knows,,,1,1
knubbelfinger,,,1,1
knöchel,,,1,1
knöcheln,,,1,1
knöpfe,,,3,2
knöpften,,,1,1
knötgen,,,1,1
knüpfer,,,1,1
knüpffen,,,1,1
knüpft,,,1,1
kobold,,,1,1
koffer,,,3,2
kohlenziehern,,,1,1
kokolores,,,1,1
kollegen,,,1,1
kollektive,,,1,1
kolonne,,,1,1
kolonnenleiter,,,1,1
komitee,,,1,1
komm,,,1,1
kommen,,,5,1
kommendem,,,1,1
kommendes,,,2,1
kommt,,,9,2
kommunizieren,,,1,1
kompakt,,,1,1
kompass,,,1,1
komplett,,,1,1
komplott,,,1,1
kon,,,2,1
konnotation,,,1,1
konnte,,,3,2
konnten,,,1,1
konstantinopel,,,1,1
kontakt,,,1,1
kontrolle,,,1,1
konversation,,,1,1
konversion,,,1,1
konzept,,,2,1
kookbooks,,,3,2
kookone,,,1,1
kooky,,,1,1
kopf,,,11,2
kopflose,,,1,1
kopfsteinpflaster,,,1,1
kopftuch,,,2,1
kopier,,,1,1
koppelbrüder,,,1,1
koppelzwilling,,,3,1
koppelzwillings,,,1,1
korn,,,1,1
kost,,,1,1
kostüm,,,1,1
kran,,,1,1
kranke,,,1,1
kranken,,,1,1
krankenbericht,,,1,1
krankheit,,,2,2
kraut,,,1,1
kreide,,,3,2
kreidebleiche,,,1,1
kreis,,,1,1
kreisrunden,,,1,1
kreisstadt,,,1,1
kreiste,,,2,1
krempe,,,1,1
kreshopel,,,1,1
kress,,,1,1
kressekästchen,,,1,1
kreuze,,,1,1
kreuzung,,,2,1
kreuzzehn,,,1,1
krieg,,,1,1
kriegen,,,1,1
kristallin,,,1,1
kriterien,,,1,1
krume,,,1,1
krumen,,,1,1
krummen,,,2,2
krustig,,,1,1
kräftigen,,,1,1
krägen,,,1,1
krähen,,,1,1
kräht,,,1,1
kräne,,,1,1
kröpfchen,,,1,1
krümmen,,,1,1
kugelköpfe,,,1,1
kugeln,,,1,1
kugelsturm,,,1,1
kuhle,,,1,1
kulturverwaltung,,,1,1
kummersieb,,,1,1
kunst,,,2,1
kuppe,,,1,1
kur,,,1,1
kurt,,,3,1
kurz,,,2,1
kurze,,,1,1
kurzem,,,1,1
kurzen,,,1,1
kuss,,,2,1
käm,,,1,1
käme,,,1,1
könig,,,2,1
königin,,,1,1
königs,,,1,1
können,,,3,2
könnt,,,1,1
könnte,,,3,2
könnten,,,1,1
könntens,,,1,1
köpfchen,,,1,1
köpfe,,,1,1
körbe,,,2,1
körnchen,,,1,1
körner,,,1,1
körper,,,7,2
körperatem,,,1,1
küche,,,7,1
küchen,,,2,2
kühl,,,1,1
kühler,,,1,1
kühner,,,1,1
kühneres,,,1,1
künste,,,1,1
künsten,,,1,1
küssen,,,2,1
küsten,,,1,1
küstendüne,,,1,1
küstenwärter,,,1,1
l,,,54,2
la,,,1,1
labil,,,1,1
lace,,,4,1
lack,,,3,2
lacking,,,1,1
lady,,,1,1
lag,,,2,2
lage,,,3,1
lagen,,,4,2
lahm,,,2,1
lallen,,,1,1
lallphase,,,1,1
lameness,,,1,1
lament,,,1,1
lampen,,,1,1
lana,,,2,1
land,,,5,2
landarten,,,1,1
landen,,,1,1
landes,,,1,1
landgewinn,,,1,1
landstrich,,,1,1
lang,,,4,2
lange,,,11,2
langen,,,1,1
langer,,,1,1
langhin,,,1,1
language,,,1,1
lanzettlicher,,,1,1
lappen,,,1,1
lassen,,,8,2
last,,,1,1
lasten,,,2,1
laster,,,1,1
lateinisch,,,1,1
laterne,,,1,1
lauf,,,2,1
laufen,,,1,1
laura,,,2,1
lauren,,,1,1
laurens,,,1,1
lauschen,,,2,2
lauschte,,,1,1
laut,,,2,2
lautackerchen,,,1,1
lautbau,,,1,1
lautbauen,,,1,1
lautbestandes,,,1,1
laute,,,3,1
lauten,,,1,1
lauter,,,4,2
lauteres,,,1,1
lautet,,,2,1
lautete,,,1,1
lautgesetze,,,1,1
lautkette,,,1,1
lautlichen,,,1,1
lautwechsel,,,1,1
lcchte,,,1,1
lcr,,,1,1
ld,,,2,2
least,,,1,1
leave,,,1,1
leben,,,4,1
lebendig,,,1,1
lebensbedingungen,,,1,1
lebensmittelpunkt,,,1,1
lebenszweck,,,1,1
lebte,,,1,1
leer,,,3,2
leere,,,3,1
left,,,1,1
lege,,,1,1
legen,,,5,2
legende,,,1,1
legt,,,1,1
legte,,,1,1
lehnsessels,,,1,1
lehre,,,1,1
lei,,,1,1
leib,,,3,1
leicht,,,7,2
leichtere,,,1,1
leichtes,,,1,1
leichtfuß,,,1,1
leid,,,1,1
leiden,,,2,1
lein,,,1,1
leinen,,,2,2
leinwand,,,1,1
leise,,,2,1
leiser,,,1,1
leiseren,,,1,1
leisten,,,1,1
leit,,,1,1
lektüre,,,1,1
lemberg,,,1,1
lengevitch,,,7,1
lerne,,,1,1
lernen,,,1,1
lerrine,,,1,1
lesamt,,,1,1
lesen,,,3,1
leserschaft,,,1,1
lets,,,1,1
letter,,,2,1
letzte,,,3,1
letztem,,,1,1
letzten,,,1,1
letzter,,,2,1
leuchten,,,5,2
leuchtend,,,1,1
leuchtende,,,2,1
leuchtet,,,3,2
leumund,,,1,1
leute,,,4,2
lewis,,,1,1
lexik,,,2,1
lf,,,1,1
lfe,,,1,1
li,,,5,1
liberty,,,1,1
lice,,,1,1
licht,,,9,2
lichtwerk,,,1,1
lid,,,3,2
lider,,,1,1
liebe,,,6,2
lieber,,,5,2
liebes,,,3,1
liebesdingen,,,1,1
liebkosten,,,1,1
lieblingsjaks,,,1,1
lieblingsnaks,,,1,1
liebsten,,,1,1
lied,,,3,1
lieder,,,2,2
liefen,,,1,1
liefert,,,2,1
lieferte,,,1,1
lieg,,,1,1
liegen,,,2,1
liegt,,,7,2
liest,,,1,1
ließ,,,2,1
ließe,,,1,1
ließen,,,1,1
life,,,5,1
lifeboat,,,1,1
lights,,,1,1
liindlicher,,,1,1
like,,,2,2
lil,,,1,1
linappen,,,1,1
linen,,,1,1
lines,,,1,1
lingua,,,1,1
linie,,,2,1
linien,,,2,2
lining,,,4,1
links,,,3,1
linse,,,1,1
lippen,,,4,2
liquid,,,4,1
lir,,,1,1
listen,,,3,2
litcboar,,,1,1
literaturfonds,,,1,1
littlegitter,,,1,1
lived,,,1,1
ll,,,4,1
lll,,,1,1
llo,,,1,1
lloyd,,,1,1
lmmiorants,,,1,1
ln,,,1,1
lnspection,,,1,1
lo,,,1,1
location,,,1,1
loch,,,4,2
log,,,1,1
lokale,,,1,1
long,,,1,1
longtime,,,1,1
looe,,,1,1
look,,,5,2
looking,,,2,2
looping,,,1,1
loosen,,,2,1
lord,,,1,1
lorelei,,,1,1
los,,,2,1
lose,,,2,2
losen,,,1,1
love,,,3,2
lover,,,1,1
lp,,,1,1
lr,,,1,1
lrin,,,1,1
ls,,,1,1
lt,,,2,2
lu,,,4,2
luft,,,6,2
luftblasensprache,,,1,1
luld,,,1,1
lump,,,2,1
lungen,,,1,1
lungs,,,1,1
lupen,,,1,1
lurken,,,1,1
luzide,,,1,1
lynch,,,1,1
lyrik,,,2,2
lähmung,,,1,1
lähmungserscheinungen,,,1,1
länder,,,2,1
lärmen,,,1,1
lässt,,,5,2
läutete,,,1,1
löcher,,,2,1
löffel,,,1,1
löschblatt,,,1,1
lösen,,,2,1
löst,,,1,1
lücke,,,2,1
lücken,,,1,1
lückenhafte,,,1,1
lüften,,,1,1
lüge,,,3,2
m,,,11,2
ma,,,1,1
mach,,,1,1
machen,,,5,2
macht,,,5,2
machte,,,3,1
madarne,,,1,1
made,,,4,1
magen,,,1,1
mailarme,,,1,1
makcs,,,1,1
make,,,1,1
making,,,1,1
mal,,,12,2
malade,,,2,1
malen,,,1,1
malheur,,,1,1
man,,,68,2
manage,,,1,1
manche,,,6,2
manchen,,,3,2
manches,,,1,1
manchmal,,,2,2
mangel,,,2,1
manieren,,,1,1
mann,,,2,2
manners,,,1,1
mantel,,,3,1
mantelkrankheit,,,1,1
mantels,,,1,1
manuelle,,,1,1
mappa,,,1,1
mappen,,,1,1
marie,,,1,1
mariniert,,,1,1
marke,,,2,1
marks,,,1,1
marktplatz,,,1,1
marlena,,,1,1
marlene,,,3,1
marmorstatue,,,1,1
marrnorstatue,,,1,1
maschinisten,,,1,1
massachusetts,,,1,1
master,,,1,1
match,,,1,1
material,,,1,1
matrosen,,,1,1
matters,,,1,1
mauern,,,1,1
maul,,,1,1
maurier,,,1,1
maurin,,,1,1
may,,,1,1
mayröcker,,,1,1
maß,,,1,1
mcan,,,1,1
mcn,,,1,1
me,,,9,2
mean,,,1,1
means,,,2,1
medical,,,1,1
meer,,,11,2
meere,,,1,1
mehr,,,8,2
mehrere,,,1,1
mehrsprachig,,,1,1
mehrspuriges,,,1,1
mehrzimmeretage,,,1,1
mein,,,14,2
meine,,,20,2
meinem,,,7,2
meinen,,,7,2
meiner,,,8,2
meines,,,1,1
meinliche,,,1,1
meinst,,,2,1
meint,,,1,1
meistens,,,1,1
melde,,,1,1
men,,,2,2
menschen,,,4,2
menschenblüte,,,1,1
ment,,,1,1
mental,,,2,1
merely,,,1,1
merkwürdiges,,,1,1
mesmer,,,1,1
metern,,,1,1
method,,,6,1
methode,,,1,1
mich,,,19,2
milch,,,1,1
milchbahnen,,,2,1
milchiger,,,1,1
milchwangig,,,1,1
mildern,,,1,1
milz,,,1,1
mind,,,1,1
minds,,,1,1
mine,,,2,1
mingeln,,,1,1
mink,,,1,1
minna,,,1,1
mir,,,19,2
mirror,,,1,1
mischung,,,1,1
misnomer,,,1,1
mist,,,2,1
mister,,,1,1
mit,,,97,2
miteinander,,,2,1
mitführen,,,1,1
mitgenommen,,,1,1
mitglied,,,1,1
mittag,,,1,1
mitte,,,2,1
mittel,,,1,1
mitten,,,1,1
mittendrin,,,1,1
mittens,,,5,1
mitzuführen,,,1,1
mn,,,1,1
mneren,,,1,1
mnrkenware,,,1,1
mobiles,,,1,1
mohegan,,,1,1
moi,,,2,1
molare,,,1,1
molarklee,,,1,1
moment,,,1,1
mondgrauen,,,1,1
moosweiches,,,1,1
more,,,3,2
morgana,,,1,1
morgen,,,6,2
morgens,,,2,2
morocco,,,1,1
morphende,,,1,1
morphoformen,,,1,1
most,,,1,1
motion,,,1,1
motivierten,,,1,1
moure,,,1,1
movable,,,1,1
moving,,,1,1
mr,,,1,1
mrs,,,3,1
ms,,,1,1
mu,,,4,1
much,,,1,1
multipli,,,1,1
mund,,,13,2
mundart,,,1,1
munddach,,,1,1
mundhimmel,,,1,1
mundraum,,,1,1
mundstülpen,,,1,1
murks,,,2,1
muscheln,,,2,2
museum,,,1,1
muss,,,10,2
musst,,,2,2
must,,,1,1
muster,,,3,2
musterfoto,,,1,1
mustern,,,1,1
mutig,,,1,1
mutter,,,2,1
mutterern,,,1,1
muttersprach,,,1,1
muttersprache,,,1,1
muß,,,1,1
my,,,7,2
mythos,,,1,1
mädchen,,,5,1
mädchenhandel,,,1,1
mägen,,,1,1
mähne,,,1,1
männer,,,1,1
männern,,,1,1
mäntel,,,1,1
mäppchen,,,2,1
märchen,,,5,2
märz,,,1,1
märzlese,,,1,1
märzsonne,,,1,1
mästen,,,1,1
mäusezähnen,,,1,1
möbel,,,1,1
möglich,,,3,2
möglichkeiten,,,1,1
möweninsel,,,1,1
mücke,,,1,1
müd,,,1,1
müde,,,1,1
müder,,,1,1
müdes,,,1,1
mühsames,,,1,1
münchen,,,1,1
münder,,,2,2
mündige,,,1,1
müssen,,,1,1
müttern,,,1,1
mützen,,,1,1
n,,,30,2
na,,,1,1
nach,,,35,2
nachbarliche,,,1,1
nachdem,,,1,1
nachmittag,,,1,1
nachricht,,,1,1
nachrichten,,,1,1
nachsehen,,,1,1
nacht,,,6,2
nachtkritik,,,2,1
nachtneben,,,1,1
nachts,,,5,2
nachtsagen,,,1,1
nacken,,,1,1
nackte,,,1,1
nadel,,,2,1
nadeln,,,2,1
nadelöhr,,,1,1
nah,,,4,2
nahe,,,1,1
nahes,,,1,1
nahezu,,,1,1
nahm,,,3,2
nahmen,,,1,1
nahrung,,,2,1
nahrungsmittel,,,1,1
naht,,,1,1
naldokumente,,,1,1
name,,,5,2
namely,,,1,1
namen,,,8,2
namenlosere,,,1,1
namens,,,1,1
nannte,,,1,1
nannten,,,1,1
nanz,,,1,1
nase,,,6,2
nasse,,,1,1
nassen,,,1,1
nasses,,,1,1
nate,,,1,1
nation,,,2,1
national,,,1,1
native,,,2,1
naturalized,,,1,1
nature,,,1,1
naturmagische,,,1,1
naus,,,1,1
nay,,,1,1
naß,,,1,1
nbwesenheiten,,,1,1
nd,,,3,2
ne,,,2,2
nebel,,,2,2
nebelschwaden,,,1,1
nebelstränge,,,1,1
neben,,,2,1
nebenblätter,,,1,1
nebendraußen,,,1,1
nebenzimmer,,,1,1
neck,,,2,1
neckisch,,,1,1
need,,,2,2
needlework,,,2,1
needs,,,1,1
nehm,,,2,2
nehmen,,,4,2
neigen,,,1,1
nein,,,4,2
nelly,,,2,1
nen,,,2,1
nenne,,,1,1
nennen,,,3,2
nennsport,,,1,1
nennt,,,2,1
nervenenden,,,1,1
nervenfieber,,,1,1
nest,,,1,1
netz,,,3,2
netze,,,1,1
netzen,,,1,1
netzten,,,1,1
neue,,,3,2
neues,,,2,2
neuguinea,,,1,1
never,,,2,2
new,,,2,1
ng,,,1,1
nger,,,1,1
nice,,,2,1
nicht,,,124,2
nichten,,,1,1
nichtinsel,,,1,1
nichts,,,16,2
nie,,,12,2
niedergelegt,,,1,1
niederkommen,,,1,1
niederkunft,,,1,1
niederlande,,,1,1
niemals,,,2,2
niemand,,,4,1
niglit,,,1,1
nimm,,,1,1
nimmt,,,4,2
ninth,,,1,1
nippen,,,1,1
nippt,,,1,1
nische,,,1,1
nisten,,,1,1
no,,,10,2
noch,,,34,2
non,,,2,1
nostalgische,,,1,1
not,,,17,2
notation,,,1,1
notice,,,1,1
notieren,,,1,1
notizen,,,1,1
now,,,2,1
nthielten,,,1,1
nu,,,2,2
nuckernder,,,1,1
nuf,,,2,1
nug,,,1,1
null,,,2,1
nummern,,,1,1
nun,,,1,1
nur,,,37,2
nurscry,,,1,1
nuts,,,1,1
nutzen,,,1,1
nächste,,,1,1
nächsten,,,3,2
nägel,,,1,1
nägeln,,,1,1
nähe,,,2,1
näher,,,1,1
nähesprache,,,1,1
nähst,,,1,1
nämlich,,,3,2
närrchen,,,1,1
nördlingen,,,1,1
o,,,4,2
ob,,,15,2
obdach,,,1,1
oben,,,3,1
oberen,,,1,1
obert,,,1,1
object,,,1,1
obwohl,,,1,1
occan,,,1,1
occhi,,,1,1
occhifötzchen,,,1,1
occhispi,,,1,1
och,,,1,1
od,,,1,1
odel,,,1,1
oder,,,105,2
of,,,30,2
ofa,,,1,1
ofanother,,,1,1
off,,,1,1
offen,,,4,2
offenes,,,1,1
offensive,,,1,1
offnes,,,1,1
ofhomeland,,,1,1
ofhope,,,1,1
ofincompability,,,1,1
oflärm,,,1,1
oft,,,5,2
oftears,,,1,1
ofthings,,,1,1
oftranslation,,,1,1
ofwhat,,,2,1
og,,,1,1
oh,,,6,2
ohne,,,16,2
ohr,,,4,2
ohren,,,2,2
ohrgespitzt,,,1,1
old,,,4,2
olles,,,1,1
omu,,,3,1
on,,,2,1
one,,,7,2
only,,,2,1
oops,,,1,1
open,,,1,1
operator,,,1,1
operiren,,,1,1
or,,,23,2
orange,,,8,2
orangen,,,21,1
orangenpoetiqqqqq,,,1,1
order,,,1,1
ordnungen,,,1,1
organ,,,1,1
organe,,,2,2
organs,,,2,1
original,,,2,1
originality,,,1,1
ornament,,,2,1
orphans,,,2,1
ort,,,1,1
ortcrbuch,,,1,1
osterglocken,,,1,1
osteuropäischen,,,1,1
ostwind,,,1,1
ota,,,1,1
othcr,,,1,1
other,,,4,2
otherweiß,,,1,1
otto,,,1,1
ou,,,1,1
our,,,1,1
ouschn,,,1,1
out,,,3,1
ov,,,5,1
owen,,,1,1
owing,,,1,1
own,,,1,1
p,,,15,2
pa,,,1,1
paar,,,2,2
paarige,,,1,1
packte,,,1,1
pailletten,,,3,2
painring,,,1,1
pakete,,,1,1
palmenlücken,,,1,1
paperflowern,,,1,1
papiere,,,1,1
papiervorgänge,,,2,1
papillen,,,1,1
pappenheim,,,3,1
pappenheims,,,1,1
parascandola,,,1,1
parat,,,1,1
parks,,,1,1
parole,,,1,1
part,,,1,1
particular,,,1,1
parts,,,2,2
party,,,2,1
parucke,,,1,1
pass,,,2,1
passage,,,1,1
passagiere,,,3,1
passengers,,,1,1
passing,,,1,1
passten,,,1,1
pater,,,1,1
pathologischen,,,1,1
patientin,,,1,1
pattern,,,1,1
pau,,,1,1
paupers,,,1,1
pause,,,1,1
paws,,,1,1
pc,,,2,1
pcoplc,,,1,1
pdf,,,1,1
pecu,,,1,1
peer,,,1,1
people,,,2,2
perec,,,2,1
performance,,,2,1
periphere,,,1,1
permutiert,,,1,1
perron,,,1,1
perso,,,1,1
person,,,6,2
personal,,,1,1
personen,,,2,2
persons,,,1,1
pfeifen,,,1,1
pferch,,,1,1
pferdchen,,,1,1
pflanze,,,2,1
pflicht,,,1,1
pflog,,,1,1
pflügen,,,1,1
pg,,,12,1
phantasieren,,,1,1
phantom,,,2,2
phase,,,1,1
philosophen,,,1,1
phonetisch,,,1,1
physical,,,1,1
physique,,,1,1
pick,,,1,1
picknickbrigaden,,,1,1
picot,,,1,1
pict,,,1,1
piktogramme,,,1,1
pillsburs,,,1,1
pilotprojekt,,,1,1
pilzfarbe,,,1,1
pin,,,1,1
pine,,,2,1
pinkle,,,1,1
pinseln,,,1,1
pionierlager,,,1,1
pittsburg,,,1,1
pl,,,1,1
plagen,,,1,1
planen,,,2,2
platten,,,1,1
platzt,,,1,1
plaua,,,1,1
pliitzlich,,,1,1
plosiven,,,1,1
plötzlich,,,3,2
plötzlichen,,,1,1
pnvacy,,,1,1
pochen,,,1,1
poesie,,,1,1
point,,,1,1
poison,,,1,1
poisson,,,1,1
politisch,,,1,1
polizei,,,1,1
polymorph,,,1,1
pony,,,2,1
poor,,,1,1
poorness,,,1,1
pop,,,1,1
port,,,1,1
pose,,,1,1
pralle,,,1,1
precatious,,,1,1
pregnancy,,,1,1
pregnant,,,1,1
preminger,,,1,1
principal,,,2,1
principle,,,2,1
printed,,,1,1
prison,,,1,1
pritschen,,,1,1
private,,,1,1
pro,,,1,1
probe,,,1,1
probier,,,1,1
probiert,,,1,1
probten,,,1,1
produkte,,,1,1
profitabel,,,1,1
programm,,,1,1
project,,,1,1
projekt,,,2,2
property,,,1,1
prosopagnosie,,,1,1
prostitution,,,1,1
prozedur,,,1,1
prrr,,,2,1
prägte,,,1,1
präsent,,,1,1
prüfblick,,,1,1
psycho,,,1,1
psychoanalytischen,,,1,1
puckerten,,,1,1
puderfass,,,1,1
puderwolke,,,1,1
pulend,,,1,1
punkt,,,2,1
pupils,,,1,1
puppe,,,1,1
puppen,,,1,1
purpose,,,1,1
puschelschwänze,,,1,1
put,,,1,1
putzen,,,1,1
päckchen,,,1,1
quadranten,,,2,1
quaken,,,1,1
qual,,,1,1
qualm,,,1,1
qualms,,,1,1
quell,,,3,1
quellen,,,2,1
querulanten,,,1,1
question,,,1,1
queue,,,1,1
quietschen,,,1,1
r,,,20,2
race,,,1,1
racker,,,1,1
rad,,,1,1
radiese,,,1,1
rage,,,1,1
ragten,,,1,1
rahmen,,,6,2
ran,,,2,1
rand,,,2,1
range,,,1,1
rangieren,,,1,1
rangiermaterial,,,1,1
rasch,,,2,1
rasen,,,1,1
rastloses,,,1,1
rat,,,1,1
ratten,,,1,1
rattern,,,1,1
rattled,,,1,1
rau,,,1,1
rauben,,,1,1
rauch,,,1,1
rauchen,,,2,1
raum,,,3,2
raunt,,,1,1
raunten,,,1,1
raus,,,3,1
rauschen,,,2,1
raymond,,,1,1
rbara,,,1,1
re,,,10,2
ready,,,1,1
really,,,1,1
rechenzentrum,,,1,1
recht,,,4,2
rechte,,,2,2
rechts,,,3,1
recke,,,1,1
recogniziert,,,1,1
recognizing,,,4,1
red,,,1,1
rede,,,7,2
reden,,,1,1
reeder,,,1,1
regalen,,,1,1
regel,,,2,2
regen,,,2,1
registered,,,1,1
regung,,,1,1
reibefläche,,,1,1
reichen,,,2,1
reichlich,,,1,1
reichten,,,1,1
reigen,,,1,1
reihe,,,3,2
reihenfolge,,,1,1
rein,,,2,1
reise,,,1,1
reisen,,,4,2
reiter,,,1,1
reiterahnung,,,1,1
reiz,,,1,1
relating,,,2,1
relatively,,,1,1
relief,,,1,1
reliefs,,,1,1
remember,,,1,1
remote,,,1,1
ren,,,2,1
rennen,,,1,1
repeat,,,2,1
repeating,,,1,1
resident,,,1,1
residenz,,,1,1
residenzpflicht,,,1,1
rest,,,2,1
rettungsboot,,,1,1
reunde,,,1,1
revers,,,1,1
revolte,,,1,1
rg,,,1,1
rhein,,,1,1
ribbelt,,,1,1
ribbit,,,1,1
richten,,,1,1
richtet,,,1,1
richtete,,,1,1
richtigen,,,1,1
richtung,,,3,1
riddle,,,1,1
rideren,,,1,1
rief,,,1,1
riegel,,,1,1
riffe,,,1,1
riffel,,,1,1
right,,,1,1
rindermarkt,,,1,1
ring,,,1,1
ringbildung,,,1,1
ringding,,,1,1
ringen,,,1,1
rinne,,,1,1
rinnt,,,1,1
rioolite,,,1,1
rippelnder,,,1,1
rippig,,,1,1
ritterlichen,,,1,1
ritzen,,,1,1
riuolite,,,1,1
rj,,,1,1
rlc,,,1,1
rluzu,,,1,1
rn,,,1,1
rnein,,,1,1
rnen,,,1,1
rniss,,,1,1
rnllend,,,1,1
rnuch,,,1,1
robbt,,,1,1
robe,,,1,1
robert,,,1,1
rock,,,1,1
rodenbrock,,,1,1
rolle,,,1,1
rollen,,,1,1
rollt,,,1,1
rollten,,,1,1
roman,,,2,2
room,,,1,1
rosen,,,1,1
rosenseite,,,1,1
rostigem,,,1,1
rot,,,2,1
rote,,,1,1
roten,,,5,2
rotes,,,1,1
rother,,,1,1
routenspiel,,,1,1
rr,,,1,1
rs,,,1,1
rsclf,,,1,1
ruckelbrücke,,,1,1
ruckt,,,1,1
ruf,,,3,2
rufe,,,1,1
rufen,,,3,1
rufstellen,,,1,1
ruft,,,2,2
ruhe,,,1,1
ruhiger,,,1,1
rum,,,5,2
rumi,,,1,1
rumpelt,,,1,1
runde,,,3,2
rundgeschliffenen,,,1,1
rundum,,,5,1
runter,,,1,1
rupfe,,,1,1
rurns,,,1,1
rus,,,1,1
russ,,,1,1
ruten,,,1,1
rutschen,,,1,1
rz,,,1,1
rädchen,,,2,1
ränder,,,2,1
rändern,,,3,1
rändlicher,,,1,1
rätsel,,,1,1
räubers,,,1,1
räudige,,,1,1
räumen,,,1,1
räusper,,,1,1
röhren,,,1,1
röntgenbild,,,1,1
rücken,,,2,2
rückkehr,,,1,1
rührt,,,1,1
s,,,24,2
saal,,,1,1
sache,,,3,1
sachen,,,3,1
sachs,,,2,1
sack,,,1,1
saftig,,,1,1
saftige,,,1,1
sag,,,6,2
sage,,,8,2
sagen,,,24,2
sagt,,,14,2
sagte,,,2,1
sagten,,,1,1
sagtest,,,4,2
sah,,,2,1
sahen,,,2,1
said,,,2,1
sailor,,,1,1
sake,,,1,1
salzig,,,1,1
salzluft,,,1,1
sam,,,1,1
samen,,,1,1
sammeln,,,1,1
sammelnder,,,1,1
sammelte,,,1,1
sammlung,,,1,1
samt,,,1,1
samtiges,,,1,1
samuel,,,1,1
samuels,,,1,1
sand,,,3,1
sandgefälle,,,1,1
sandkiddies,,,1,1
sandkörnern,,,1,1
sanft,,,3,1
sanitätsoffiziere,,,1,1
sat,,,1,1
satz,,,5,2
sauberes,,,1,1
saugend,,,1,1
sauglaut,,,1,1
saum,,,1,1
saures,,,1,1
say,,,6,2
says,,,1,1
saßen,,,1,1
sc,,,14,1
sca,,,1,1
scak,,,1,1
scans,,,1,1
schabracke,,,3,1
schalen,,,2,1
schallte,,,1,1
schar,,,1,1
scharfe,,,1,1
scharfem,,,1,1
scharfer,,,1,1
schartigen,,,1,1
schatten,,,4,2
schatzkarte,,,1,1
schauen,,,1,1
schaufliger,,,1,1
schaukeln,,,2,2
schaukelstücke,,,1,1
schaun,,,1,1
schaut,,,3,1
scheide,,,1,1
scheiden,,,1,1
scheidungsbriefe,,,1,1
schein,,,1,1
scheints,,,1,1
scheit,,,1,1
schenkt,,,1,1
scheue,,,1,1
schichten,,,1,1
schicksal,,,1,1
schickt,,,3,1
schickte,,,1,1
schiebt,,,2,2
schiefe,,,1,1
schiefes,,,1,1
schiff,,,1,1
schiffchen,,,10,1
schiffe,,,1,1
schiffen,,,1,1
schiffsgesellschaft,,,1,1
schild,,,2,1
schimmerschaft,,,2,1
schimmert,,,1,1
schimmerte,,,1,1
schindend,,,1,1
schlabbrig,,,1,1
schlackrig,,,1,1
schlaf,,,2,2
schlafanzug,,,1,1
schlafbänder,,,1,1
schlafen,,,1,1
schlag,,,2,1
schlagen,,,2,1
schlange,,,2,1
schlangen,,,1,1
schlaufe,,,1,1
schlaufen,,,1,1
schlaufenlaut,,,1,1
schlech,,,1,1
schlecht,,,1,1
schlechte,,,1,1
schlechten,,,1,1
schleier,,,3,2
schleife,,,1,1
schleppe,,,1,1
schleusen,,,2,2
schlieren,,,1,1
schließ,,,1,1
schließen,,,2,2
schließlich,,,3,2
schlimmsten,,,1,1
schlinge,,,1,1
schlingen,,,4,1
schlingenbildung,,,1,1
schlingt,,,1,1
schlips,,,1,1
schloss,,,1,1
schlossvorhänge,,,1,1
schluchzer,,,1,1
schluckauf,,,1,1
schlucken,,,1,1
schluckte,,,1,1
schlug,,,1,1
schlugen,,,1,1
schlummerig,,,1,1
schlungene,,,1,1
schluss,,,2,2
schluß,,,1,1
schläfen,,,1,1
schläft,,,3,1
schläge,,,1,1
schlägt,,,3,2
schlüsselblumen,,,1,1
schmale,,,2,1
schmalen,,,1,1
schmaus,,,1,1
schmelzen,,,1,1
schmelzsprech,,,1,1
schmerzen,,,1,1
schmiegt,,,1,1
schmiegte,,,1,1
schminktisch,,,2,1
schmuggelten,,,1,1
schnabel,,,1,1
schnalzen,,,1,1
schnalzten,,,1,1
schnapp,,,1,1
schnatternden,,,2,1
schnaufend,,,1,1
schnee,,,3,1
schneedecken,,,1,1
schneeporträts,,,1,1
schneidefläche,,,1,1
schneider,,,1,1
schneien,,,1,1
schneisen,,,1,1
schneller,,,1,1
schnelles,,,1,1
schnickschnack,,,1,1
schnipselsprache,,,1,1
schnitt,,,1,1
schnittenfregatten,,,1,1
schnuppern,,,1,1
schnurz,,,1,1
schon,,,25,2
schonend,,,1,1
schonste,,,1,1
schoß,,,1,1
schrank,,,1,1
schreckschlaf,,,1,1
schreckte,,,1,1
schrei,,,1,1
schreibe,,,1,1
schreiben,,,2,1
schreibt,,,4,1
schrieb,,,3,2
schriebs,,,1,1
schriee,,,1,1
schriften,,,1,1
schritte,,,1,1
schroffer,,,1,1
schräg,,,1,1
schräge,,,1,1
schrägen,,,1,1
schuh,,,1,1
schuld,,,1,1
schulter,,,2,2
schuppen,,,1,1
schwachstelle,,,1,1
schwaden,,,1,1
schwalben,,,1,1
schwall,,,1,1
schwanken,,,1,1
schwantretboot,,,1,1
schwanz,,,2,1
schwappt,,,2,1
schwarm,,,1,1
schwarz,,,2,2
schwarze,,,3,2
schwarzem,,,2,2
schwarzen,,,1,1
schweben,,,1,1
schwebende,,,1,1
schwebt,,,4,2
schwebten,,,1,1
schweig,,,1,1
schweigen,,,5,2
schweigend,,,1,1
schweigsam,,,1,1
schwellen,,,1,1
schwemmen,,,1,1
schwemmt,,,1,1
schwer,,,4,2
schwere,,,2,1
schwester,,,5,1
schwimmend,,,1,1
schwitters,,,1,1
schwofen,,,1,1
schwäne,,,1,1
schwänze,,,1,1
schädel,,,1,1
schält,,,1,1
schämt,,,1,1
schärpe,,,1,1
schöbe,,,1,1
schöne,,,2,1
schöner,,,1,1
schönewerk,,,1,1
schönheit,,,1,1
schönste,,,2,1
schüsseln,,,2,1
schüsselworte,,,1,1
schüttelt,,,1,1
science,,,1,1
scientific,,,1,1
sclnveigens,,,1,1
screener,,,1,1
script,,,2,1
se,,,2,1
sec,,,1,1
sechs,,,3,2
sechsunddreißig,,,1,1
second,,,1,1
security,,,2,1
see,,,7,2
seeing,,,1,1
seel,,,2,2
seemann,,,2,1
seemanns,,,1,1
seems,,,1,1
segel,,,1,1
segeltuchs,,,1,1
seh,,,1,1
sehen,,,8,2
sehet,,,1,1
sehl,,,1,1
sehn,,,1,1
sehnte,,,1,1
sehr,,,1,1
sei,,,11,2
seid,,,1,1
seide,,,3,1
seidene,,,1,1
seile,,,1,1
sein,,,21,2
seine,,,8,2
seinem,,,5,2
seinen,,,7,2
seiner,,,2,2
seit,,,3,2
seitdem,,,1,1
seite,,,1,1
seiten,,,1,1
seither,,,1,1
seitwärts,,,1,1
sekunden,,,1,1
selber,,,5,2
selbst,,,11,2
selbstlaute,,,1,1
selbstschäumend,,,1,1
selten,,,1,1
seltener,,,1,1
senats,,,1,1
sendung,,,1,1
seniljty,,,1,1
sense,,,2,1
sensible,,,1,1
sent,,,1,1
servants,,,1,1
setzt,,,1,1
setzte,,,1,1
shaking,,,1,1
shc,,,2,1
ship,,,2,1
short,,,1,1
should,,,1,1
show,,,2,2
shulll,,,1,1
shuttle,,,3,1
shuttles,,,1,1
sich,,,76,2
sicherheitssysteme,,,2,1
sichtbar,,,4,2
sichtbares,,,1,1
sickerlicht,,,1,1
side,,,4,1
sie,,,114,2
sieben,,,3,2
siedlung,,,1,1
sieh,,,1,1
siehe,,,2,1
siehst,,,1,1
sieht,,,4,2
sies,,,4,1
signale,,,1,1
signs,,,1,1
silben,,,1,1
silent,,,1,1
simsen,,,1,1
sind,,,28,2
sing,,,1,1
singsang,,,1,1
singt,,,1,1
sinne,,,3,1
sinnig,,,1,1
sinnkette,,,1,1
sippe,,,2,1
sir,,,1,1
sirk,,,2,1
sisrcr,,,1,1
sist,,,1,1
sistcr,,,3,1
sister,,,3,1
sitte,,,1,1
sitze,,,1,1
sitzen,,,5,2
sitzt,,,2,2
skalen,,,1,1
skandinavischen,,,1,1
skelett,,,1,1
skin,,,1,1
slccpers,,,1,1
sleep,,,1,1
slipdress,,,1,1
slow,,,1,1
small,,,2,1
smallest,,,1,1
smith,,,1,1
smok,,,1,1
snort,,,1,1
so,,,64,2
socken,,,2,2
sogar,,,3,2
sohn,,,1,1
solange,,,1,1
solchem,,,1,1
solcher,,,1,1
solches,,,2,1
solidarisieren,,,1,1
solide,,,2,1
soll,,,9,2
sollte,,,1,1
sollten,,,3,2
solos,,,1,1
some,,,2,2
something,,,1,1
sonne,,,3,2
sonnenbrille,,,1,1
sonntags,,,1,1
sonst,,,10,2
sontag,,,1,1
sophisticated,,,1,1
sore,,,1,1
sorgen,,,1,1
sorgeninsel,,,1,1
sorry,,,1,1
sort,,,1,1
sorte,,,1,1
sortiert,,,1,1
sortierten,,,1,1
sortig,,,1,1
soup,,,2,1
sowie,,,2,2
sozialarbeiterin,,,1,1
sozialpolitisch,,,1,1
spalt,,,1,1
spanien,,,1,1
spannte,,,1,1
spannung,,,2,1
spazieren,,,1,1
speak,,,1,1
speaking,,,1,1
spechte,,,1,1
speichel,,,3,1
speien,,,2,1
speis,,,1,1
speisekarten,,,1,1
sperrt,,,1,1
spiegel,,,5,2
spiegelbild,,,2,1
spiegeln,,,1,1
spiel,,,5,1
spielen,,,1,1
spielgrube,,,1,1
spielregel,,,1,1
spitze,,,7,1
spitzem,,,1,1
spitzen,,,12,1
spitzenalarm,,,1,1
spitzenräume,,,1,1
sport,,,1,1
sportlich,,,2,1
spot,,,1,1
spots,,,1,1
sprach,,,1,1
sprachblasen,,,1,1
sprache,,,17,2
sprachen,,,15,2
sprachlaut,,,1,1
sprachliche,,,1,1
sprachlichen,,,1,1
sprachmaschine,,,1,1
sprachschicht,,,1,1
sprachverlusts,,,1,1
sprachwechsel,,,1,1
sprachwellen,,,1,1
sprang,,,1,1
sprangen,,,1,1
sprechen,,,6,2
sprechstörungen,,,1,1
spreite,,,1,1
sprich,,,1,1
spricht,,,4,1
springfield,,,3,1
springt,,,1,1
spucke,,,1,1
spuk,,,1,1
spulen,,,1,1
spur,,,3,1
spuren,,,2,2
spät,,,1,1
später,,,10,2
spüren,,,1,1
spürte,,,1,1
squeeze,,,1,1
ss,,,1,1
sscs,,,1,1
stacheln,,,1,1
stadt,,,4,1
stahl,,,1,1
stahlen,,,1,1
stall,,,1,1
stammeln,,,1,1
stammen,,,1,1
stammt,,,1,1
stand,,,5,2
standuhr,,,2,1
stangen,,,1,1
stanislau,,,2,1
stapel,,,1,1
star,,,1,1
starb,,,2,1
starrem,,,1,1
starrt,,,1,1
statik,,,1,1
station,,,1,1
statt,,,4,2
stattdessen,,,5,2
staub,,,2,1
stechen,,,1,1
steck,,,1,1
stecken,,,2,1
steckt,,,2,1
steerage,,,1,1
stehen,,,4,2
stehlen,,,3,1
steht,,,12,2
steigt,,,2,1
steile,,,1,1
steilen,,,1,1
stein,,,6,1
steinbach,,,1,1
steine,,,1,1
steinen,,,1,1
steinmeier,,,1,1
steins,,,1,1
stelle,,,3,1
stellen,,,1,1
stephane,,,1,1
stern,,,3,2
sternberg,,,1,1
sterne,,,1,1
sternen,,,1,1
sternmullrede,,,1,1
sternnase,,,1,1
stethoskop,,,1,1
stets,,,1,1
steuerten,,,1,1
stickenden,,,1,1
stieg,,,1,1
stiehlt,,,1,1
stierpark,,,1,1
still,,,4,1
stille,,,7,2
stillstand,,,1,1
stimme,,,2,1
stimmhafte,,,1,1
stimmwege,,,2,1
stinkende,,,1,1
stirn,,,2,2
stirnen,,,1,1
stn,,,1,1
stoben,,,1,1
stock,,,1,1
stocken,,,1,1
stoff,,,1,1
stolze,,,1,1
storage,,,1,1
story,,,1,1
stotter,,,1,1
stottern,,,1,1
stottersaft,,,1,1
stoß,,,2,2
stoßen,,,1,1
strait,,,1,1
strampler,,,1,1
strand,,,3,2
strandfunde,,,1,1
strandhandtuch,,,1,1
strandkörbe,,,1,1
strandspazierer,,,1,1
strange,,,1,1
straße,,,4,2
straßen,,,1,1
streck,,,1,1
streckt,,,1,1
streichen,,,1,1
streicht,,,1,1
strenge,,,1,1
stress,,,1,1
strick,,,2,2
striemenlos,,,1,1
striptease,,,1,1
struktur,,,1,1
strähne,,,1,1
stränge,,,1,1
sträuße,,,1,1
strümpfe,,,1,1
studien,,,2,1
studieren,,,2,2
stuff,,,2,1
stummen,,,1,1
stummheit,,,1,1
stunde,,,1,1
stunden,,,1,1
stundenlang,,,3,1
stur,,,1,1
stämme,,,2,1
stände,,,1,1
ständer,,,1,1
ständig,,,1,1
stäubchen,,,1,1
stöberndes,,,1,1
störung,,,2,1
stühlchenspiel,,,1,1
subject,,,3,1
subsisters,,,2,1
substanziell,,,1,1
subtitling,,,1,1
suca,,,1,1
such,,,7,2
suchen,,,1,1
sucht,,,2,1
suchten,,,1,1
suchtest,,,2,1
suggested,,,3,2
suggestion,,,1,1
summen,,,1,1
summende,,,1,1
summenden,,,1,1
sure,,,1,1
susan,,,1,1
suspected,,,1,1
svnapse,,,1,1
sweeping,,,1,1
symptom,,,2,1
symptomen,,,2,1
system,,,2,1
systems,,,1,1
systern,,,1,1
szekenevno,,,1,1
sächlich,,,1,1
sägt,,,1,1
sähe,,,1,1
säßen,,,1,1
söhne,,,1,1
sünde,,,1,1
süstikpitsi,,,3,1
süßen,,,1,1
t,,,20,2
tablett,,,1,1
tabletten,,,1,1
taftvorhänge,,,1,1
tag,,,4,2
tage,,,6,2
tagein,,,1,1
tagelang,,,1,1
tagelangem,,,1,1
tagelanger,,,1,1
tages,,,1,1
tagträumen,,,1,1
tagung,,,1,1
take,,,1,1
taktik,,,1,1
tal,,,5,2
talabende,,,1,1
taler,,,1,1
talg,,,1,1
talking,,,1,1
tallulah,,,4,1
tallulahs,,,1,1
tals,,,1,1
talseite,,,1,1
talwogen,,,1,1
talysarn,,,1,1
tangstrick,,,1,1
tanke,,,1,1
tante,,,3,1
tanten,,,1,1
tanz,,,1,1
tanzen,,,1,1
tanzsaal,,,1,1
tanzt,,,2,1
tap,,,1,1
tapped,,,1,1
tark,,,1,1
tarn,,,1,1
tarnopol,,,2,1
tarnung,,,1,1
tasche,,,1,1
tassen,,,2,2
tasten,,,1,1
tastend,,,1,1
tat,,,5,2
tatort,,,1,1
tatsächlich,,,1,1
tattern,,,4,1
tatternden,,,2,1
tatting,,,4,1
tattle,,,1,1
tattled,,,2,1
tau,,,2,2
tauschen,,,1,1
taylor,,,1,1
teachers,,,1,1
tee,,,4,1
teepflicht,,,1,1
teeth,,,2,1
teil,,,1,1
teilen,,,1,1
teilnahme,,,1,1
teilnehmer,,,2,1
teils,,,2,1
teilt,,,1,1
teilweise,,,1,1
telegramm,,,1,1
tempi,,,1,1
ten,,,2,1
tender,,,1,1
ter,,,2,1
terriersnack,,,1,1
ters,,,1,1
tests,,,1,1
teure,,,1,1
text,,,2,2
textverbunds,,,1,1
than,,,2,1
that,,,11,2
thc,,,7,1
thcir,,,1,1
thcm,,,1,1
the,,,46,2
theater,,,2,1
their,,,2,2
themen,,,2,1
there,,,5,2
therese,,,1,1
thev,,,1,1
they,,,12,2
thing,,,3,1
things,,,4,1
think,,,2,1
this,,,3,2
thomas,,,1,1
those,,,1,1
thousands,,,1,1
thread,,,1,1
through,,,2,1
tick,,,2,1
ticken,,,1,1
tie,,,1,1
tiefe,,,1,1
tier,,,3,2
tiere,,,6,2
tig,,,1,1
till,,,1,1
time,,,4,1
timemissing,,,1,1
times,,,1,1
timing,,,1,1
tingeling,,,1,1
tingeltangel,,,1,1
tinseln,,,1,1
tippenden,,,1,1
tisch,,,2,1
tischlein,,,2,1
titel,,,1,1
titles,,,1,1
tivh,,,1,1
tleru,,,1,1
tliat,,,1,1
tll,,,1,1
tlu,,,3,1
tnat,,,1,1
to,,,26,2
tod,,,1,1
toffee,,,1,1
tofuwürfel,,,1,1
toilettentisch,,,1,1
told,,,2,1
toll,,,1,1
tolle,,,1,1
tom,,,1,1
ton,,,2,1
tongue,,,1,1
tonnen,,,1,1
too,,,2,2
topf,,,1,1
tote,,,1,1
toten,,,1,1
totenkopf,,,2,1
totenkopfgesicht,,,1,1
traben,,,2,1
trachoma,,,1,1
trachomatous,,,1,1
tracht,,,2,1
tracierfaden,,,1,1
trag,,,1,1
trage,,,1,1
tragen,,,2,2
tragephasen,,,1,1
tragetage,,,2,1
tragetasche,,,1,1
trainieren,,,1,1
tram,,,1,1
transform,,,1,1
transit,,,1,1
transjormative,,,1,1
transport,,,1,1
transportmittel,,,1,1
traum,,,1,1
travel,,,1,1
travelers,,,1,1
trecker,,,1,1
trees,,,1,1
treib,,,1,1
treibt,,,3,1
treppe,,,4,1
treppen,,,1,1
tres,,,1,1
tresen,,,1,1
treten,,,1,1
tribüne,,,1,1
trieb,,,1,1
triegestützte,,,1,1
trinken,,,2,1
tritt,,,1,1
tro,,,1,1
trocknen,,,1,1
trolle,,,1,1
trommelwirbel,,,1,1
trophalen,,,1,1
tross,,,1,1
trottet,,,1,1
trotz,,,1,1
trotzdem,,,1,1
true,,,1,1
trutzig,,,1,1
try,,,3,1
trägt,,,7,2
träneninsel,,,1,1
träumen,,,1,1
träumt,,,2,1
tting,,,1,1
ttir,,,1,1
tub,,,1,1
tuberculosis,,,1,1
tuch,,,2,1
tulpen,,,1,1
tun,,,1,1
tuniken,,,1,1
tunke,,,1,1
tunnel,,,1,1
tunnelblick,,,1,1
tuschelohren,,,1,1
typically,,,1,1
tze,,,1,1
tzte,,,1,1
täglich,,,2,1
tänzelt,,,1,1
täten,,,1,1
töpfchen,,,1,1
töpfer,,,1,1
töten,,,1,1
tücher,,,3,1
tüll,,,1,1
tür,,,1,1
türen,,,2,1
türme,,,1,1
türmte,,,1,1
u,,,26,2
ubersetzen,,,1,1
ubsisters,,,1,1
ucnz,,,1,1
uerweilung,,,1,1
ufer,,,2,1
uferschneck,,,1,1
ugabe,,,1,1
uhcr,,,1,1
uhcrsehen,,,1,1
uhichten,,,1,1
uhstände,,,1,1
ui,,,2,2
ulas,,,1,1
uleich,,,1,1
uliana,,,1,1
uljana,,,1,1
um,,,21,2
umbeschriften,,,1,1
umgeben,,,1,1
umgebracht,,,1,1
umgebung,,,1,1
umgekehrt,,,2,2
umgibt,,,1,1
umkreisend,,,1,1
umlaut,,,1,1
umre,,,1,1
umrisse,,,1,1
ums,,,3,2
umschlag,,,1,1
umsegelt,,,1,1
umspült,,,1,1
umstehenden,,,1,1
umständen,,,2,1
umtost,,,1,1
umwege,,,1,1
umwegen,,,1,1
umzug,,,1,1
unbegleitet,,,2,1
unbegrenzt,,,1,1
unbegründeten,,,1,1
unbekannte,,,1,1
unbeschwichtigt,,,1,1
unbeweglichen,,,1,1
uncertainty,,,1,1
uncrossable,,,1,1
und,,,213,2
under,,,1,1
understand,,,3,1
une,,,2,1
uneindeutigen,,,1,1
unerkannt,,,1,1
unfold,,,1,1
ungar,,,1,1
ungebildete,,,1,1
ungelenkten,,,1,1
ungelöstes,,,1,1
ungewärmten,,,1,1
unglück,,,1,1
unhörbarer,,,1,1
uniformteile,,,1,1
unklar,,,1,1
unllertartiges,,,1,1
unlocked,,,1,1
unmissverständliches,,,1,1
unmittelbaren,,,1,1
unmöglich,,,1,1
unnachlässigkeit,,,1,1
unort,,,1,1
unruh,,,1,1
unruhe,,,1,1
unruhig,,,1,1
uns,,,36,2
unser,,,3,1
unsere,,,17,2
unserem,,,1,1
unseren,,,2,2
unserer,,,7,2
unstetem,,,1,1
unten,,,2,1
unter,,,7,2
unterbrachten,,,1,1
unterbrechung,,,1,1
unterdeck,,,1,1
untereinander,,,1,1
untergehende,,,1,1
untergeht,,,1,1
unterkiefer,,,1,1
unterkunft,,,2,1
unterm,,,3,2
unters,,,1,1
unterscheiden,,,1,1
unterschiede,,,1,1
unterschlupf,,,1,1
unterschreiben,,,1,1
unterschrieben,,,1,1
unterspült,,,1,1
unterstand,,,3,1
untersuchen,,,1,1
untersucht,,,1,1
untersuchten,,,1,1
unterteilt,,,1,1
unterwegs,,,1,1
unterwäsche,,,1,1
unverfroren,,,1,1
unverfänglich,,,1,1
unvergraben,,,1,1
unvermittelt,,,1,1
unverwandt,,,1,1
unvorhersehbare,,,1,1
unze,,,1,1
unzeit,,,1,1
unzählige,,,1,1
up,,,3,1
ur,,,2,1
urc,,,1,1
urer,,,1,1
urgeben,,,1,1
ursprung,,,1,1
us,,,8,2
use,,,2,2
used,,,1,1
usual,,,2,1
usw,,,3,1
utblößung,,,1,1
uudcrstand,,,1,1
uus,,,1,1
v,,,4,2
vase,,,4,1
vater,,,7,1
vaterland,,,1,1
vaters,,,2,2
ve,,,1,1
veilmaker,,,1,1
vent,,,1,1
ver,,,3,2
veranden,,,1,1
verarbeiten,,,1,1
verb,,,1,1
verbanden,,,1,1
verbands,,,1,1
verben,,,1,1
verbergen,,,1,1
verbinden,,,1,1
verblüfft,,,1,1
verboten,,,1,1
verbreiten,,,1,1
verbreitet,,,1,1
verbrennen,,,1,1
verbunden,,,1,1
verdanken,,,1,1
verdauen,,,1,1
verdaute,,,1,1
verein,,,1,1
vereinbarung,,,1,1
vereinen,,,1,1
verfahrensablauf,,,2,1
verflogen,,,2,1
verführen,,,1,1
vergeblich,,,1,1
vergeblicher,,,1,1
vergeigten,,,1,1
vergessen,,,2,1
vergessene,,,1,1
vergesslichkeit,,,1,1
verging,,,1,1
vergraben,,,2,2
verholzene,,,1,1
verhält,,,1,1
verhüllen,,,1,1
verinselung,,,1,1
verkauf,,,1,1
verkauft,,,1,1
verkleiden,,,1,1
verkleinern,,,1,1
verknüpfungen,,,1,1
verkorksten,,,1,1
verlangen,,,1,1
verlangt,,,1,1
verlassen,,,2,2
verlegenhei,,,1,1
verloren,,,3,2
verlust,,,2,1
verlässlicher,,,1,1
vermehrte,,,1,1
vermehrten,,,1,1
vermeiden,,,1,1
vermischtes,,,1,1
vermisst,,,2,1
vermittler,,,1,1
vermutet,,,1,1
verordnungen,,,1,1
verpackung,,,1,1
verpflichtet,,,2,1
verpuppen,,,1,1
verpuppt,,,1,1
verraten,,,1,1
verreist,,,1,1
verriet,,,1,1
verringern,,,1,1
verrückten,,,1,1
vers,,,1,1
verschacktelt,,,1,1
verschluckt,,,1,1
verschmelzung,,,1,1
verschobenen,,,1,1
verschwand,,,1,1
verschwinden,,,2,1
verschwindsucht,,,1,1
versehen,,,1,1
versorgungen,,,1,1
versorgungsstränge,,,1,1
versprechen,,,2,1
versprecher,,,1,1
verspätet,,,1,1
verstand,,,1,1
verstanden,,,1,1
versteck,,,1,1
versteckst,,,1,1
versteckt,,,1,1
verstehen,,,4,2
versteht,,,1,1
verstickten,,,1,1
verstimmenden,,,1,1
verstopft,,,1,1
verstreute,,,1,1
vertauschende,,,1,1
verteilen,,,1,1
verteilt,,,1,1
verteilten,,,1,1
verteilung,,,1,1
vertrautesten,,,1,1
vertüpfelter,,,1,1
verwachsen,,,1,1
verwandeln,,,1,1
verwandlungen,,,1,1
verwandte,,,1,1
verwebtes,,,1,1
verwechselbar,,,1,1
verwechseln,,,1,1
verweigerung,,,1,1
verweisen,,,1,1
verwender,,,1,1
verwendern,,,1,1
verwringen,,,1,1
verwringung,,,1,1
verwunschenes,,,1,1
very,,,4,1
verzagt,,,1,1
verzierer,,,1,1
verändern,,,2,1
verändert,,,1,1
vessel,,,1,1
vestibül,,,2,1
vetters,,,1,1
vicben,,,1,1
vieh,,,1,1
viel,,,11,2
viele,,,1,1
vielen,,,3,1
vielleicht,,,4,1
vieläugig,,,1,1
vier,,,3,2
vieren,,,1,1
vierte,,,1,1
vierzehn,,,1,1
villa,,,1,1
vme,,,1,1
vokale,,,2,1
vol,,,1,1
voll,,,1,1
volle,,,2,1
vollem,,,1,1
volleyballspieler,,,1,1
voluntary,,,1,1
vom,,,11,2
von,,,80,2
vor,,,32,2
vorahnen,,,1,1
voran,,,1,1
vorbehalten,,,1,1
vorbei,,,2,2
vorgesehenen,,,1,1
vorgestellten,,,1,1
vorhanden,,,1,1
vorhang,,,3,2
vorhänge,,,1,1
vorhängen,,,1,1
vorkam,,,1,1
vorliegenden,,,1,1
vorm,,,3,2
vormachen,,,1,1
vorne,,,2,2
vorsetzte,,,1,1
vorspringende,,,1,1
vorstehen,,,1,1
vorstelen,,,1,1
vorstellbar,,,1,1
vorwehte,,,1,1
vorzeitige,,,1,1
vorübergeht,,,1,1
vtcll,,,1,1
vumrnend,,,1,1
w,,,3,2
wa,,,1,1
wabenartige,,,1,1
wabenartigen,,,1,1
wach,,,1,1
wachgeblinzelt,,,1,1
wachsen,,,2,1
wachsfiguren,,,1,1
wacklige,,,1,1
wagten,,,2,1
wahnsinn,,,1,1
wahnte,,,1,1
wahr,,,7,2
wahrgenommene,,,1,1
wahrheit,,,1,1
wait,,,1,1
wald,,,4,1
waldbaracke,,,1,1
walleh,,,1,1
wallpaper,,,1,1
wallt,,,1,1
wand,,,7,2
wandern,,,7,2
wandert,,,1,1
wanderte,,,1,1
wanderung,,,1,1
wandung,,,1,1
wange,,,2,1
wann,,,1,1
want,,,1,1
war,,,24,2
ward,,,1,1
ware,,,2,2
waren,,,10,2
warens,,,1,1
warm,,,3,1
warme,,,3,2
warmem,,,1,1
warnung,,,1,1
wars,,,1,1
warst,,,1,1
wartenden,,,1,1
wartung,,,2,1
warum,,,6,2
was,,,54,2
waschen,,,2,2
wasn,,,1,1
wasser,,,10,2
wasserfarben,,,1,1
wasserzeichen,,,1,1
watch,,,1,1
watchdogs,,,1,1
watching,,,1,1
water,,,2,2
wattierte,,,1,1
way,,,1,1
we,,,6,2
wear,,,1,1
website,,,6,1
webster,,,1,1
wechselt,,,1,1
weder,,,2,1
weg,,,6,2
wege,,,2,1
wegen,,,1,1
wegesrand,,,1,1
wegkommen,,,1,1
wegnickt,,,1,1
wegnimmt,,,1,1
wegrand,,,1,1
wegstecken,,,1,1
wegzuschlecken,,,1,1
weh,,,1,1
wehen,,,1,1
wehte,,,1,1
weiblichen,,,1,1
weide,,,1,1
weiden,,,1,1
weigerte,,,1,1
weil,,,23,2
weisen,,,2,1
weist,,,1,1
weit,,,5,2
weiter,,,4,2
weiterer,,,1,1
weiteres,,,1,1
weiterheckt,,,1,1
weiterhelfen,,,1,1
weitsicht,,,1,1
weiß,,,21,2
weiße,,,4,1
weißen,,,4,2
weißer,,,3,2
weißlichtig,,,1,1
wel,,,1,1
welch,,,1,1
welche,,,4,2
welchen,,,1,1
welcher,,,2,2
welches,,,3,1
welcome,,,1,1
welcomes,,,1,1
well,,,3,1
wellen,,,1,1
wellenartig,,,1,1
wellenbrecher,,,1,1
wellenkämme,,,1,1
welt,,,6,2
welten,,,1,1
weltenden,,,1,1
wen,,,1,1
wendig,,,1,1
wenig,,,1,1
weniger,,,4,1
wenn,,,35,2
wentletrap,,,1,1
wer,,,18,2
werden,,,8,2
werkzeug,,,1,1
wernicke,,,1,1
wers,,,1,1
weste,,,2,1
westen,,,1,1
westlichen,,,1,1
westliches,,,1,1
westwind,,,1,1
wetten,,,1,1
wetzten,,,1,1
what,,,13,2
when,,,2,1
where,,,2,2
which,,,1,1
whirr,,,1,1
who,,,5,2
whole,,,3,1
wickelt,,,1,1
widely,,,1,1
widerstand,,,1,1
wie,,,77,2
wieder,,,9,2
wiedergabe,,,1,1
wiedergegeben,,,1,1
wiederhole,,,1,1
wiederholen,,,1,1
wiederkommt,,,1,1
wiederum,,,1,1
wiege,,,1,1
wiehert,,,1,1
wien,,,1,1
wienerin,,,1,1
wienklatsche,,,1,1
wies,,,1,1
wiesen,,,1,1
wild,,,2,1
wilden,,,1,1
wildwechsel,,,1,1
will,,,18,2
willkommene,,,1,1
willst,,,1,1
wimpel,,,1,1
wind,,,5,2
winden,,,1,1
window,,,1,1
wings,,,1,1
wink,,,3,1
winke,,,2,1
winken,,,1,1
winter,,,1,1
winters,,,1,1
winzig,,,2,1
winzige,,,1,1
winziges,,,1,1
wir,,,100,2
wirbel,,,3,2
wird,,,9,2
wire,,,1,1
wirklich,,,1,1
wirst,,,1,1
wirt,,,1,1
wischen,,,4,2
wissen,,,10,2
wissend,,,1,1
wit,,,1,1
with,,,2,1
without,,,1,1
wnseits,,,1,1
wo,,,35,2
woanders,,,1,1
wob,,,1,1
wochen,,,3,1
woge,,,1,1
woher,,,3,2
wohin,,,2,2
wohl,,,3,2
wohlfühlen,,,1,1
wohnort,,,3,1
wolf,,,3,2
wolken,,,2,1
wolkendräue,,,1,1
wolle,,,2,2
wollen,,,4,2
wollenen,,,1,1
wollte,,,6,1
wollten,,,9,2
wolt,,,1,1
woman,,,1,1
women,,,3,2
womit,,,1,1
womm,,,1,1
worauf,,,1,1
word,,,2,1
words,,,1,1
worin,,,1,1
work,,,4,1
world,,,2,2
wort,,,15,2
wortarte,,,1,1
worte,,,5,1
worten,,,2,2
wortes,,,1,1
wortfindungsschwierigkeiten,,,2,1
wortgewandt,,,1,1
wortkaninchen,,,1,1
wortlosem,,,1,1
would,,,1,1
wouldn,,,1,1
wrcich,,,1,1
write,,,1,1
wrongdoing,,,1,1
wt,,,1,1
wuchs,,,3,2
wuchsen,,,2,1
wunden,,,1,1
wunder,,,1,1
wunderlich,,,1,1
wundern,,,1,1
wundsinn,,,1,1
wurde,,,6,2
wurden,,,4,2
wurzellos,,,1,1
wurzeln,,,2,1
wussten,,,1,1
wächst,,,2,1
wächtern,,,1,1
während,,,8,2
wälder,,,1,1
wände,,,2,1
wär,,,2,1
wäre,,,4,2
wären,,,7,2
wärmt,,,2,1
wärs,,,1,1
wärterin,,,4,1
wörter,,,1,1
wörterbuch,,,1,1
wörtlich,,,1,1
wüchse,,,2,2
wühlt,,,1,1
wühlte,,,1,1
würde,,,1,1
würden,,,2,2
würgen,,,1,1
wüssten,,,1,1
wüste,,,1,1
wüsten,,,1,1
x,,,20,1
xo,,,1,1
xrhlicht,,,1,1
y,,,3,1
yak,,,2,1
yandl,,,1,1
years,,,1,1
yes,,,2,2
yew,,,1,1
yoda,,,1,1
york,,,1,1
you,,,18,2
your,,,1,1
yourself,,,1,1
z,,,3,2
zacken,,,1,1
zackenkranz,,,1,1
zagen,,,1,1
zahlen,,,1,1
zahlte,,,1,1
zahn,,,2,1
zahnblütchen,,,1,1
zahnen,,,1,1
zahnweh,,,1,1
zappenduster,,,1,1
zarte,,,2,1
zation,,,1,1
zaubermampf,,,1,1
zaun,,,2,2
zebras,,,1,1
zehe,,,1,1
zehen,,,2,2
zehn,,,3,1
zeichen,,,2,2
zeichnet,,,1,1
zeichneten,,,1,1
zeigen,,,1,1
zeigst,,,1,1
zeigt,,,5,2
zeigten,,,1,1
zeile,,,3,1
zeilen,,,3,2
zeit,,,13,2
zeiten,,,7,2
zeitweh,,,1,1
zeitweilig,,,1,1
zelle,,,1,1
zelt,,,2,1
zerbrechlich,,,1,1
zerreiben,,,1,1
zerren,,,2,1
zerrieben,,,1,1
zerspringt,,,1,1
zettel,,,1,1
zettelart,,,1,1
zeug,,,1,1
zeugenschaft,,,2,1
ziege,,,1,1
ziehen,,,5,2
zieht,,,2,2
ziell,,,1,1
zier,,,1,1
zierfarben,,,1,1
zierhauser,,,1,1
zierliche,,,1,1
zigarette,,,2,1
ziigig,,,1,1
zimmer,,,6,2
zimmerecke,,,2,1
zimmeretage,,,1,1
zimmerhalbdunkel,,,1,1
zimmern,,,1,1
zipfel,,,1,1
zipfelig,,,1,1
zipfelndem,,,1,1
zipfelneid,,,1,1
zipfliger,,,1,1
zirkumstanzen,,,1,1
zischen,,,1,1
zittern,,,1,1
zitternd,,,1,1
zitternde,,,1,1
zitternden,,,1,1
zlote,,,1,1
zoo,,,2,1
zottelartig,,,1,1
zsmn,,,1,1
zt,,,1,1
zu,,,72,2
zuckrig,,,1,1
zueinander,,,1,1
zuerst,,,3,1
zufriedenheit,,,2,1
zug,,,1,1
zugangsproblemen,,,1,1
zugehörigkeit,,,1,1
zuhause,,,1,1
zuletzt,,,2,1
zum,,,25,2
zumutbar,,,1,1
zunge,,,6,2
zungen,,,3,2
zupfe,,,1,1
zupft,,,1,1
zur,,,10,2
zurück,,,9,2
zurückgeschickten,,,1,1
zusammen,,,4,2
zusammentreten,,,1,1
zustand,,,1,1
zustände,,,1,1
zuständen,,,2,1
zutraulicher,,,1,1
zutsche,,,2,1
zuviel,,,1,1
zuweilen,,,2,1
zwar,,,1,1
zwei,,,10,2
zweideutig,,,1,1
zweifel,,,2,2
zweifeln,,,1,1
zweige,,,2,1
zweimal,,,1,1
zweite,,,3,1
zweiter,,,1,1
zweitsprache,,,1,1
zwiebliges,,,1,1
zwilling,,,2,1
zwillingskopf,,,1,1
zwischen,,,15,2
zwischendeck,,,1,1
zwischendecksverkehr,,,1,1
zwittern,,,1,1
zwängte,,,1,1
zwölf,,,1,1
zygmunt,,,1,1
zylinder,,,2,1
zähe,,,1,1
zähen,,,1,1
zählen,,,1,1
zählt,,,1,1
zähne,,,3,2
zähnen,,,4,2
zärtlichen,,,1,1
zäune,,,1,1
zöge,,,1,1
zöllner,,,1,1
züge,,,3,2
zügel,,,2,1
ß,,,2,1
ßauman,,,1,1
ächzen,,,1,1
ähnelt,,,1,1
ähnlich,,,2,2
ähnliche,,,1,1
ähnlichkeit,,,1,1
ährenkränze,,,1,1
ärmel,,,1,1
ärmeln,,,1,1
ästen,,,1,1
ästlein,,,1,1
äußerlicht,,,1,1
öd,,,1,1
öde,,,1,1
öffentlichen,,,2,2
öffnen,,,2,1
öffnung,,,1,1
öhr,,,1,1
öhren,,,1,1
örtlich,,,1,1
ösen,,,2,1
östliches,,,1,1
üben,,,2,1
über,,,21,2
überall,,,1,1
überbelegt,,,1,1
überdeterminiertheit,,,1,1
überdeterminierung,,,1,1
übereinander,,,1,1
übereinstimmungen,,,1,1
überfahrt,,,2,1
überführt,,,2,1
überfüttert,,,1,1
übergangsüberzug,,,1,1
übergeneralisierung,,,2,1
überhaupt,,,1,1
überm,,,3,2
übers,,,2,2
überschuss,,,1,1
übersetzen,,,2,1
übersetzens,,,1,1
übersetzten,,,1,1
übertragen,,,1,1
übertritt,,,1,1
überträgt,,,1,1
übervolles,,,1,1
üble,,,1,1
üblich,,,2,1
übrigen,,,1,1
