;...1;...2;...3;codes;category;scheme;pre1;pre2;pre3;phrase;feature;subst;ar;regex;repl;regexcor;test
1;1;1;NA;#9 0 art/det#;2;1;%;0;AD;zero;article/determiner;%0AD: zero article/determiner;1;(#9 0 art/det#);%#%;(#9 0 art/det#);test3
10;10;10;NA;# 90 art 90 prep#;2;1;%;0;AP;zero;article/preposition;%0AP: zero article/preposition;3;(# 90 art 90 prep#);%#%;(# 90 art 90 prep#);test3
11;11;11;4;prep 90 art#;2;9;%;0;AR;zero;article;%0AR: zero article;4;(prep 90 art#)|(90 art#)|(# 90 art\.)|(prep 90 art#)|(90 art#)|(90 art)|(90 art)|(90 art)|(90 art\.)|(#90 art\.#)|(#90 art#)|(#9 0 art#)|(#0 art#)|(#90 art\?#);%#%;(prep 90 art#)|(90 art#)|(# 90 art\.)|(prep 90 art#)|(90 art#)|(90 art)|(90 art)|(90 art)|(90 art\.)|(#90 art\.#)|(#90 art#)|(#9 0 art#)|(#0 art#)|(#90 art\?#);test3
12;12;12;8;90 art#;2;9;%;0;AR;zero;article;%0AR: zero article;4;(prep 90 art#)|(90 art#)|(# 90 art\.)|(prep 90 art#)|(90 art#)|(90 art)|(90 art)|(90 art)|(90 art\.)|(#90 art\.#)|(#90 art#)|(#9 0 art#)|(#0 art#)|(#90 art\?#);%#%;(prep 90 art#)|(90 art#)|(# 90 art\.)|(prep 90 art#)|(90 art#)|(90 art)|(90 art)|(90 art)|(90 art\.)|(#90 art\.#)|(#90 art#)|(#9 0 art#)|(#0 art#)|(#90 art\?#);test3
13;13;13;9;# 90 art.;2;9;%;0;AR;zero;article;%0AR: zero article;4;(prep 90 art#)|(90 art#)|(# 90 art\.)|(prep 90 art#)|(90 art#)|(90 art)|(90 art)|(90 art)|(90 art\.)|(#90 art\.#)|(#90 art#)|(#9 0 art#)|(#0 art#)|(#90 art\?#);%#%;(prep 90 art#)|(90 art#)|(# 90 art\.)|(prep 90 art#)|(90 art#)|(90 art)|(90 art)|(90 art)|(90 art\.)|(#90 art\.#)|(#90 art#)|(#9 0 art#)|(#0 art#)|(#90 art\?#);test3
14;14;14;15;prep 90 art#;2;9;%;0;AR;zero;article;%0AR: zero article;4;(prep 90 art#)|(90 art#)|(# 90 art\.)|(prep 90 art#)|(90 art#)|(90 art)|(90 art)|(90 art)|(90 art\.)|(#90 art\.#)|(#90 art#)|(#9 0 art#)|(#0 art#)|(#90 art\?#);%#%;(prep 90 art#)|(90 art#)|(# 90 art\.)|(prep 90 art#)|(90 art#)|(90 art)|(90 art)|(90 art)|(90 art\.)|(#90 art\.#)|(#90 art#)|(#9 0 art#)|(#0 art#)|(#90 art\?#);test3
15;15;15;19;90 art#;2;9;%;0;AR;zero;article;%0AR: zero article;4;(prep 90 art#)|(90 art#)|(# 90 art\.)|(prep 90 art#)|(90 art#)|(90 art)|(90 art)|(90 art)|(90 art\.)|(#90 art\.#)|(#90 art#)|(#9 0 art#)|(#0 art#)|(#90 art\?#);%#%;(prep 90 art#)|(90 art#)|(# 90 art\.)|(prep 90 art#)|(90 art#)|(90 art)|(90 art)|(90 art)|(90 art\.)|(#90 art\.#)|(#90 art#)|(#9 0 art#)|(#0 art#)|(#90 art\?#);test3
16;16;16;32;90 art;2;9;%;0;AR;zero;article;%0AR: zero article;4;(prep 90 art#)|(90 art#)|(# 90 art\.)|(prep 90 art#)|(90 art#)|(90 art)|(90 art)|(90 art)|(90 art\.)|(#90 art\.#)|(#90 art#)|(#9 0 art#)|(#0 art#)|(#90 art\?#);%#%;(prep 90 art#)|(90 art#)|(# 90 art\.)|(prep 90 art#)|(90 art#)|(90 art)|(90 art)|(90 art)|(90 art\.)|(#90 art\.#)|(#90 art#)|(#9 0 art#)|(#0 art#)|(#90 art\?#);test3
17;17;17;42;90 art;2;9;%;0;AR;zero;article;%0AR: zero article;4;(prep 90 art#)|(90 art#)|(# 90 art\.)|(prep 90 art#)|(90 art#)|(90 art)|(90 art)|(90 art)|(90 art\.)|(#90 art\.#)|(#90 art#)|(#9 0 art#)|(#0 art#)|(#90 art\?#);%#%;(prep 90 art#)|(90 art#)|(# 90 art\.)|(prep 90 art#)|(90 art#)|(90 art)|(90 art)|(90 art)|(90 art\.)|(#90 art\.#)|(#90 art#)|(#9 0 art#)|(#0 art#)|(#90 art\?#);test3
18;18;18;78;90 art;2;9;%;0;AR;zero;article;%0AR: zero article;4;(prep 90 art#)|(90 art#)|(# 90 art\.)|(prep 90 art#)|(90 art#)|(90 art)|(90 art)|(90 art)|(90 art\.)|(#90 art\.#)|(#90 art#)|(#9 0 art#)|(#0 art#)|(#90 art\?#);%#%;(prep 90 art#)|(90 art#)|(# 90 art\.)|(prep 90 art#)|(90 art#)|(90 art)|(90 art)|(90 art)|(90 art\.)|(#90 art\.#)|(#90 art#)|(#9 0 art#)|(#0 art#)|(#90 art\?#);test3
19;19;19;79;90 art.;2;9;%;0;AR;zero;article;%0AR: zero article;4;(prep 90 art#)|(90 art#)|(# 90 art\.)|(prep 90 art#)|(90 art#)|(90 art)|(90 art)|(90 art)|(90 art\.)|(#90 art\.#)|(#90 art#)|(#9 0 art#)|(#0 art#)|(#90 art\?#);%#%;(prep 90 art#)|(90 art#)|(# 90 art\.)|(prep 90 art#)|(90 art#)|(90 art)|(90 art)|(90 art)|(90 art\.)|(#90 art\.#)|(#90 art#)|(#9 0 art#)|(#0 art#)|(#90 art\?#);test3
20;20;20;NA;#90 art.#;2;1;%;0;AR;zero;article;%0AR: zero article;4;(prep 90 art#)|(90 art#)|(# 90 art\.)|(prep 90 art#)|(90 art#)|(90 art)|(90 art)|(90 art)|(90 art\.)|(#90 art\.#)|(#90 art#)|(#9 0 art#)|(#0 art#)|(#90 art\?#);%#%;(prep 90 art#)|(90 art#)|(# 90 art\.)|(prep 90 art#)|(90 art#)|(90 art)|(90 art)|(90 art)|(90 art\.)|(#90 art\.#)|(#90 art#)|(#9 0 art#)|(#0 art#)|(#90 art\?#);test3
21;21;21;NA;#90 art#;2;1;%;0;AR;zero;article;%0AR: zero article;4;(prep 90 art#)|(90 art#)|(# 90 art\.)|(prep 90 art#)|(90 art#)|(90 art)|(90 art)|(90 art)|(90 art\.)|(#90 art\.#)|(#90 art#)|(#9 0 art#)|(#0 art#)|(#90 art\?#);%#%;(prep 90 art#)|(90 art#)|(# 90 art\.)|(prep 90 art#)|(90 art#)|(90 art)|(90 art)|(90 art)|(90 art\.)|(#90 art\.#)|(#90 art#)|(#9 0 art#)|(#0 art#)|(#90 art\?#);test3
22;22;22;NA;#9 0 art#;2;1;%;0;AR;zero;article;%0AR: zero article;4;(prep 90 art#)|(90 art#)|(# 90 art\.)|(prep 90 art#)|(90 art#)|(90 art)|(90 art)|(90 art)|(90 art\.)|(#90 art\.#)|(#90 art#)|(#9 0 art#)|(#0 art#)|(#90 art\?#);%#%;(prep 90 art#)|(90 art#)|(# 90 art\.)|(prep 90 art#)|(90 art#)|(90 art)|(90 art)|(90 art)|(90 art\.)|(#90 art\.#)|(#90 art#)|(#9 0 art#)|(#0 art#)|(#90 art\?#);test3
23;23;23;NA;#0 art#;2;1;%;0;AR;zero;article;%0AR: zero article;4;(prep 90 art#)|(90 art#)|(# 90 art\.)|(prep 90 art#)|(90 art#)|(90 art)|(90 art)|(90 art)|(90 art\.)|(#90 art\.#)|(#90 art#)|(#9 0 art#)|(#0 art#)|(#90 art\?#);%#%;(prep 90 art#)|(90 art#)|(# 90 art\.)|(prep 90 art#)|(90 art#)|(90 art)|(90 art)|(90 art)|(90 art\.)|(#90 art\.#)|(#90 art#)|(#9 0 art#)|(#0 art#)|(#90 art\?#);test3
24;24;24;NA;#90 art?#;2;1;%;0;AR;zero;article;%0AR: zero article;4;(prep 90 art#)|(90 art#)|(# 90 art\.)|(prep 90 art#)|(90 art#)|(90 art)|(90 art)|(90 art)|(90 art\.)|(#90 art\.#)|(#90 art#)|(#9 0 art#)|(#0 art#)|(#90 art\?#);%#%;(prep 90 art#)|(90 art#)|(# 90 art\.)|(prep 90 art#)|(90 art#)|(90 art)|(90 art)|(90 art)|(90 art\.)|(#90 art\.#)|(#90 art#)|(#9 0 art#)|(#0 art#)|(#90 art\?#);test3
26;26;26;NA;#90 aux #;2;1;%;0;AU;zero;auxiliary;%0AU: zero auxiliary;6;(#90 aux #);%#%;(#90 aux #);test3
;;;;#90 aux?#;2;1;%;0;AU;zero;auxiliary;%0AU: zero auxiliary;;;%#%;;
30;30;30;58;90 cop.;2;9;%;0;CP;zero;copula;%0CP: zero copula;9;(90 cop\.)|(#90 cop#)|(#90 cop\?#)|(#9 0 cop#);%#%;(90 cop\.)|(#90 cop#)|(#90 cop\?#)|(#9 0 cop#);test3
31;31;31;NA;#90 cop#;2;1;%;0;CP;zero;copula;%0CP: zero copula;9;(90 cop\.)|(#90 cop#)|(#90 cop\?#)|(#9 0 cop#);%#%;(90 cop\.)|(#90 cop#)|(#90 cop\?#)|(#9 0 cop#);test3
32;32;32;NA;#90 cop?#;2;1;%;0;CP;zero;copula;%0CP: zero copula;9;(90 cop\.)|(#90 cop#)|(#90 cop\?#)|(#9 0 cop#);%#%;(90 cop\.)|(#90 cop#)|(#90 cop\?#)|(#9 0 cop#);test3
33;33;33;NA;#9 0 cop#;2;1;%;0;CP;zero;copula;%0CP: zero copula;9;(90 cop\.)|(#90 cop#)|(#90 cop\?#)|(#9 0 cop#);%#%;(90 cop\.)|(#90 cop#)|(#90 cop\?#)|(#9 0 cop#);test3
35;35;35;NA;#9 0 existential#;2;1;%;0;ES;zero;existential;%0ES: zero existential;11;(#9 0 existential#);%#%;(#9 0 existential#);test3
55;55;55;35;90 obj;2;9;%;0;OB;zero;object;%0OB: zero object;17;(90 obj)|(90 obj)|(#90 obj#)|(#90 obj\.#);%#%;(90 obj)|(90 obj)|(#90 obj#)|(#90 obj\.#);test3
56;56;56;121;90 obj;2;9;%;0;OB;zero;object;%0OB: zero object;17;(90 obj)|(90 obj)|(#90 obj#)|(#90 obj\.#);%#%;(90 obj)|(90 obj)|(#90 obj#)|(#90 obj\.#);test3
57;57;57;NA;#90 obj#;2;1;%;0;OB;zero;object;%0OB: zero object;17;(90 obj)|(90 obj)|(#90 obj#)|(#90 obj\.#);%#%;(90 obj)|(90 obj)|(#90 obj#)|(#90 obj\.#);test3
58;58;58;NA;#90 obj.#;2;1;%;0;OB;zero;object;%0OB: zero object;17;(90 obj)|(90 obj)|(#90 obj#)|(#90 obj\.#);%#%;(90 obj)|(90 obj)|(#90 obj#)|(#90 obj\.#);test3
92;92;92;104;9no pl/num.;2;9;%;0;PN;zero;plural/numeral;%0PN: zero plural/numeral;35;(9no pl/num\.)|(#9no pl/num#);%#%;(9no pl/num\.)|(#9no pl/num#);test3
93;93;93;NA;#9no pl/num#;2;1;%;0;PN;zero;plural/numeral;%0PN: zero plural/numeral;35;(9no pl/num\.)|(#9no pl/num#);%#%;(9no pl/num\.)|(#9no pl/num#);test3
95;95;95;NA;90 prep#;2;9;%;0;PR;zero;preposition;%0PR: zero preposition;37;(90 prep#)|(90 prep)|(#90 prep#)|(#90 prep #)|(#90 prep\.#);%#%;(90 prep#)|(90 prep)|(#90 prep#)|(#90 prep #)|(#90 prep\.#);test3
96;96;96;107;90 prep;2;9;%;0;PR;zero;preposition;%0PR: zero preposition;37;(90 prep#)|(90 prep)|(#90 prep#)|(#90 prep #)|(#90 prep\.#);%#%;(90 prep#)|(90 prep)|(#90 prep#)|(#90 prep #)|(#90 prep\.#);test3
97;97;97;NA;#90 prep#;2;1;%;0;PR;zero;preposition;%0PR: zero preposition;37;(90 prep#)|(90 prep)|(#90 prep#)|(#90 prep #)|(#90 prep\.#);%#%;(90 prep#)|(90 prep)|(#90 prep#)|(#90 prep #)|(#90 prep\.#);test3
98;98;98;NA;#90 prep #;2;1;%;0;PR;zero;preposition;%0PR: zero preposition;37;(90 prep#)|(90 prep)|(#90 prep#)|(#90 prep #)|(#90 prep\.#);%#%;(90 prep#)|(90 prep)|(#90 prep#)|(#90 prep #)|(#90 prep\.#);test3
99;99;99;NA;#90 prep.#;2;1;%;0;PR;zero;preposition;%0PR: zero preposition;37;(90 prep#)|(90 prep)|(#90 prep#)|(#90 prep #)|(#90 prep\.#);%#%;(90 prep#)|(90 prep)|(#90 prep#)|(#90 prep #)|(#90 prep\.#);test3
119;119;119;152;90 refl?@;2;9;%;0;RF;zero;reflexive;%0RF: zero reflexive;42;(90 refl\?@)|(#90 refl#);%#%;(90 refl\?@)|(#90 refl#);test3
120;120;120;NA;#90 refl#;2;1;%;0;RF;zero;reflexive;%0RF: zero reflexive;42;(90 refl\?@)|(#90 refl#);%#%;(90 refl\?@)|(#90 refl#);test3
121;121;121;NA;#90 rel#;2;1;%;0;RL;zero;relative;%0RL: zero relative;43;(#90 rel#);%#%;(#90 rel#);test3
135;135;135;56;90 subj.;2;9;%;0;SU;zero;subject;%0SU: zero subject;46;(90 subj\.)|(9ck 0 subj\.)|(90 subj)|(90 subj)|(90 subj)|(#90 subj#)|(#90 subj)|(#90 sub#)|(#9 0 subj#)|(#90 subj\?#);%#%;(90 subj\.)|(9ck 0 subj\.)|(90 subj)|(90 subj)|(90 subj)|(#90 subj#)|(#90 subj)|(#90 sub#)|(#9 0 subj#)|(#90 subj\?#);test3
136;136;136;64;9ck 0 subj.;2;9;%;0;SU;zero;subject;%0SU: zero subject;46;(90 subj\.)|(9ck 0 subj\.)|(90 subj)|(90 subj)|(90 subj)|(#90 subj#)|(#90 subj)|(#90 sub#)|(#9 0 subj#)|(#90 subj\?#);%#%;(90 subj\.)|(9ck 0 subj\.)|(90 subj)|(90 subj)|(90 subj)|(#90 subj#)|(#90 subj)|(#90 sub#)|(#9 0 subj#)|(#90 subj\?#);test3
137;137;137;84;90 subj;2;9;%;0;SU;zero;subject;%0SU: zero subject;46;(90 subj\.)|(9ck 0 subj\.)|(90 subj)|(90 subj)|(90 subj)|(#90 subj#)|(#90 subj)|(#90 sub#)|(#9 0 subj#)|(#90 subj\?#);%#%;(90 subj\.)|(9ck 0 subj\.)|(90 subj)|(90 subj)|(90 subj)|(#90 subj#)|(#90 subj)|(#90 sub#)|(#9 0 subj#)|(#90 subj\?#);test3
138;138;138;129;90 subj;2;9;%;0;SU;zero;subject;%0SU: zero subject;46;(90 subj\.)|(9ck 0 subj\.)|(90 subj)|(90 subj)|(90 subj)|(#90 subj#)|(#90 subj)|(#90 sub#)|(#9 0 subj#)|(#90 subj\?#);%#%;(90 subj\.)|(9ck 0 subj\.)|(90 subj)|(90 subj)|(90 subj)|(#90 subj#)|(#90 subj)|(#90 sub#)|(#9 0 subj#)|(#90 subj\?#);test3
139;139;139;138;90 subj;2;9;%;0;SU;zero;subject;%0SU: zero subject;46;(90 subj\.)|(9ck 0 subj\.)|(90 subj)|(90 subj)|(90 subj)|(#90 subj#)|(#90 subj)|(#90 sub#)|(#9 0 subj#)|(#90 subj\?#);%#%;(90 subj\.)|(9ck 0 subj\.)|(90 subj)|(90 subj)|(90 subj)|(#90 subj#)|(#90 subj)|(#90 sub#)|(#9 0 subj#)|(#90 subj\?#);test3
140;140;140;NA;#90 subj#;2;1;%;0;SU;zero;subject;%0SU: zero subject;46;(90 subj\.)|(9ck 0 subj\.)|(90 subj)|(90 subj)|(90 subj)|(#90 subj#)|(#90 subj)|(#90 sub#)|(#9 0 subj#)|(#90 subj\?#);%#%;(90 subj\.)|(9ck 0 subj\.)|(90 subj)|(90 subj)|(90 subj)|(#90 subj#)|(#90 subj)|(#90 sub#)|(#9 0 subj#)|(#90 subj\?#);test3
141;141;141;NA;#90 subj;2;1;%;0;SU;zero;subject;%0SU: zero subject;46;(90 subj\.)|(9ck 0 subj\.)|(90 subj)|(90 subj)|(90 subj)|(#90 subj#)|(#90 subj)|(#90 sub#)|(#9 0 subj#)|(#90 subj\?#);%#%;(90 subj\.)|(9ck 0 subj\.)|(90 subj)|(90 subj)|(90 subj)|(#90 subj#)|(#90 subj)|(#90 sub#)|(#9 0 subj#)|(#90 subj\?#);test3
142;142;142;NA;#90 sub#;2;1;%;0;SU;zero;subject;%0SU: zero subject;46;(90 subj\.)|(9ck 0 subj\.)|(90 subj)|(90 subj)|(90 subj)|(#90 subj#)|(#90 subj)|(#90 sub#)|(#9 0 subj#)|(#90 subj\?#);%#%;(90 subj\.)|(9ck 0 subj\.)|(90 subj)|(90 subj)|(90 subj)|(#90 subj#)|(#90 subj)|(#90 sub#)|(#9 0 subj#)|(#90 subj\?#);test3
143;143;143;NA;#9 0 subj#;2;1;%;0;SU;zero;subject;%0SU: zero subject;46;(90 subj\.)|(9ck 0 subj\.)|(90 subj)|(90 subj)|(90 subj)|(#90 subj#)|(#90 subj)|(#90 sub#)|(#9 0 subj#)|(#90 subj\?#);%#%;(90 subj\.)|(9ck 0 subj\.)|(90 subj)|(90 subj)|(90 subj)|(#90 subj#)|(#90 subj)|(#90 sub#)|(#9 0 subj#)|(#90 subj\?#);test3
144;144;144;NA;#90 subj?#;2;1;%;0;SU;zero;subject;%0SU: zero subject;46;(90 subj\.)|(9ck 0 subj\.)|(90 subj)|(90 subj)|(90 subj)|(#90 subj#)|(#90 subj)|(#90 sub#)|(#9 0 subj#)|(#90 subj\?#);%#%;(90 subj\.)|(9ck 0 subj\.)|(90 subj)|(90 subj)|(90 subj)|(#90 subj#)|(#90 subj)|(#90 sub#)|(#9 0 subj#)|(#90 subj\?#);test3
145;145;145;73;90 verb;2;9;%;0;VP;zero;VP;%0VP: zero VP;47;(90 verb)|(#90 verb#);%#%;(90 verb)|(#90 verb#);test3
146;146;146;NA;#90 verb#;2;1;%;0;VP;zero;VP;%0VP: zero VP;47;(90 verb)|(#90 verb#);%#%;(90 verb)|(#90 verb#);test3
59;59;59;59;9ck tape;3;9;%;C;OM;cmnt;check tape;%COM: cmnt check tape;18;(9ck tape)|(#check tape#);%#%;(9ck tape)|(#check tape#);test3
60;60;60;NA;#check tape#;3;1;%;C;OM;cmnt;check tape;%COM: cmnt check tape;18;(9ck tape)|(#check tape#);%#%;(9ck tape)|(#check tape#);test3
61;61;61;60;9besondere Form;3;9;%;C;OM;cmnt;form;%COM: cmnt form;19;(9besondere Form);%#%;(9besondere Form);test3
62;62;62;NA;#Gestik#;3;1;%;C;OM;cmnt;gesture;%COM: cmnt gesture;20;(#Gestik#);%#%;(#Gestik#);test3
63;63;63;NA;#innere Monolog#;3;1;%;C;OM;cmnt;inner monologue;%COM: cmnt inner monologue;21;(#innere Monolog#);%#%;(#innere Monolog#);test3
64;64;64;NA;#unverstaendlich#;3;1;%;C;OM;cmnt;unintelligible;%COM: cmnt unintelligible;22;(#unverstaendlich#)|(unverstaendlich);%#%;(#unverstaendlich#)|(unverstaendlich);test3
65;65;65;NA;unverstaendlich;3;1;%;C;OM;cmnt;unintelligible;%COM: cmnt unintelligible;22;(#unverstaendlich#)|(unverstaendlich);%#%;(#unverstaendlich#)|(unverstaendlich);test3
66;66;66;NA;#lachen#;3;1;%;C;OM;cmnt;laughter;%COM: cmnt laughter;23;(#lachen#)|(#Lachen#);%#%;(#lachen#)|(#Lachen#);test3
67;67;67;NA;#Lachen#;3;1;%;C;OM;cmnt;laughter;%COM: cmnt laughter;23;(#lachen#)|(#Lachen#);%#%;(#lachen#)|(#Lachen#);test3
68;68;68;NA;#9misunderstand#;3;1;%;C;OM;cmnt;misunderstanding;%COM: cmnt misunderstanding;24;(#9misunderstand#)|(#9misunderstands#)|(#minunderstands .wann.\?#)|(#misunderstands .welchen.#);%#%;(#9misunderstand#)|(#9misunderstands#)|(#minunderstands .wann.\?#)|(#misunderstands .welchen.#);test3
69;69;69;NA;#9misunderstands#;3;1;%;C;OM;cmnt;misunderstanding;%COM: cmnt misunderstanding;24;(#9misunderstand#)|(#9misunderstands#)|(#minunderstands .wann.\?#)|(#misunderstands .welchen.#);%#%;(#9misunderstand#)|(#9misunderstands#)|(#minunderstands .wann.\?#)|(#misunderstands .welchen.#);test3
70;70;70;NA;"#minunderstands ""wann""?#";3;1;%;C;OM;cmnt;misunderstanding 'wann';%COM: cmnt misunderstanding;24;(#9misunderstand#)|(#9misunderstands#)|(#minunderstands .wann.\?#)|(#misunderstands .welchen.#);%#%;(#9misunderstand#)|(#9misunderstands#)|(#minunderstands .wann.\?#)|(#misunderstands .welchen.#);test3
71;71;71;NA;"#misunderstands ""welchen""#";3;1;%;C;OM;cmnt;misunderstanding 'welchen';%COM: cmnt misunderstanding;24;(#9misunderstand#)|(#9misunderstands#)|(#minunderstands .wann.\?#)|(#misunderstands .welchen.#);%#%;(#9misunderstand#)|(#9misunderstands#)|(#minunderstands .wann.\?#)|(#misunderstands .welchen.#);test3
72;72;72;NA;#Pause#;4;2;%;P;AU;pause;;%PAU: pause;25;(#Pause#)|(…@);((...));(#Pause#)|(…@);test3
73;73;73;NA;…@;4;1;%;P;AU;pause;;%PAU: pause;25;(#Pause#)|(…@);((...));(#Pause#)|(…@);test3
73;73;73;NA;...@;4;1;%;P;AU;pause;;%PAU: pause;25;(#Pause#)|(...@);((...));(#Pause#)|(…@);test3
73;73;73;NA;#(P)#;4;1;%;P;AU;pause;;%PAU: pause;25;(#Pause#)|(...@);((...));(#Pause#)|(…@);test3
74;74;74;NA;#? #;3;1;%;C;OM;cmnt;Q;%COM: cmnt Q;26;(#\? #)|(# ---#)|(---#)|(#grrrrrr#)|(#9…#)|(#\.\.\.#)|(#9\.\.#);%#%;(#\? #)|(# ---#)|(---#)|(#grrrrrr#)|(#9…#)|(#\.\.\.#)|(#9\.\.#);test3
75;75;75;NA;# ---#;3;1;%;C;OM;cmnt;Q;%COM: cmnt Q;26;(#\? #)|(# ---#)|(---#)|(#grrrrrr#)|(#9…#)|(#\.\.\.#)|(#9\.\.#);%#%;(#\? #)|(# ---#)|(---#)|(#grrrrrr#)|(#9…#)|(#\.\.\.#)|(#9\.\.#);test3
76;76;76;NA;---#;3;1;%;C;OM;cmnt;Q;%COM: cmnt Q;26;(#\? #)|(# ---#)|(---#)|(#grrrrrr#)|(#9…#)|(#\.\.\.#)|(#9\.\.#);%#%;(#\? #)|(# ---#)|(---#)|(#grrrrrr#)|(#9…#)|(#\.\.\.#)|(#9\.\.#);test3
77;77;77;NA;#grrrrrr#;3;1;%;C;OM;cmnt;Q;%COM: cmnt Q;26;(#\? #)|(# ---#)|(---#)|(#grrrrrr#)|(#9…#)|(#\.\.\.#)|(#9\.\.#);%#%;(#\? #)|(# ---#)|(---#)|(#grrrrrr#)|(#9…#)|(#\.\.\.#)|(#9\.\.#);test3
78;78;78;NA;#9…#;3;1;%;C;OM;cmnt;Q;%COM: cmnt Q;26;(#\? #)|(# ---#)|(---#)|(#grrrrrr#)|(#9…#)|(#\.\.\.#)|(#9\.\.#);%#%;(#\? #)|(# ---#)|(---#)|(#grrrrrr#)|(#9…#)|(#\.\.\.#)|(#9\.\.#);test3
79;79;79;NA;#...#;3;1;%;C;OM;cmnt;Q;%COM: cmnt Q;26;(#\? #)|(# ---#)|(---#)|(#grrrrrr#)|(#9…#)|(#\.\.\.#)|(#9\.\.#);%#%;(#\? #)|(# ---#)|(---#)|(#grrrrrr#)|(#9…#)|(#\.\.\.#)|(#9\.\.#);test3
80;80;80;NA;#9..#;3;1;%;C;OM;cmnt;Q;%COM: cmnt Q;26;(#\? #)|(# ---#)|(---#)|(#grrrrrr#)|(#9…#)|(#\.\.\.#)|(#9\.\.#);%#%;(#\? #)|(# ---#)|(---#)|(#grrrrrr#)|(#9…#)|(#\.\.\.#)|(#9\.\.#);test3
81;81;81;63;9direct quote?@.;3;9;%;C;OM;cmnt;quote;%COM: cmnt quote;27;(9direct quote\?@\.);%#%;(9direct quote\?@\.);test3
82;82;82;NA;# unclear script#;3;1;%;C;OM;cmnt;script unclear;%COM: cmnt script unclear;28;(# unclear script#)|(#script unclear#);%#%;(# unclear script#)|(#script unclear#);test3
82;82;82;NA;unclear script;3;1;%;C;OM;cmnt;script unclear;%COM: cmnt script unclear;28;(# unclear script#)|(#script unclear#);%#%;(# unclear script#)|(#script unclear#);test3
83;83;83;NA;#script unclear#;3;1;%;C;OM;cmnt;script unclear;%COM: cmnt script unclear;28;(# unclear script#)|(#script unclear#);%#%;(# unclear script#)|(#script unclear#);test3
84;84;84;NA;#self-correction#;3;1;%;C;OM;cmnt;self-correction;%COM: cmnt self-correction;29;(#self-correction#);%#%;(#self-correction#);test3
85;85;85;NA;#Kopfschuetteln#;3;1;%;C;OM;cmnt;shakes head;%COM: cmnt shakes head;30;(#Kopfschuetteln#);%#%;(#Kopfschuetteln#);test3
86;86;86;NA;#zeigt auf Besen#;3;1;%;C;OM;cmnt;showing;%COM: cmnt showing;31;(#zeigt auf Besen#)|(#zeigt auf ihre Locken#)|(# zeigt #);%#%;(#zeigt auf Besen#)|(#zeigt auf ihre Locken#)|(# zeigt #);test3
87;87;87;NA;#zeigt auf ihre Locken#;3;1;%;C;OM;cmnt;showing;%COM: cmnt showing;31;(#zeigt auf Besen#)|(#zeigt auf ihre Locken#)|(# zeigt #);%#%;(#zeigt auf Besen#)|(#zeigt auf ihre Locken#)|(# zeigt #);test3
88;88;88;NA;# zeigt #;3;1;%;C;OM;cmnt;showing;%COM: cmnt showing;31;(#zeigt auf Besen#)|(#zeigt auf ihre Locken#)|(# zeigt #);%#%;(#zeigt auf Besen#)|(#zeigt auf ihre Locken#)|(# zeigt #);test3
89;89;89;NA;# zeigt auf das Richtige#;3;1;%;C;OM;cmnt;showing correct;%COM: cmnt showing correct;32;(# zeigt auf das Richtige#);%#%;(# zeigt auf das Richtige#);test3
90;90;90;NA;#unklar#;3;1;%;C;OM;cmnt;unclear;%COM: cmnt unclear;33;(#unklar#);%#%;(#unklar#);test3
91;91;91;NA;#unclear script#;3;1;%;C;OM;cmnt;unclear script;%COM: cmnt unclear script;34;(#unclear script#);%#%;(#unclear script#);test3
2;2;2;6;# 9nst agmt#;1;9;%;N;AG;nonstandard;agreement;%NAG: nonstandard agreement;2;(# 9nst agmt#)|(# 9nst agmt#)|(9nst agmt)|(9nst agmt)|(9nst agmt)|(#9nst agmt\.#)|(#9nst agmt#)|(# 9nst agmt#);%#%;(# 9nst agmt#)|(# 9nst agmt#)|(9nst agmt)|(9nst agmt)|(9nst agmt)|(#9nst agmt\.#)|(#9nst agmt#)|(# 9nst agmt#);test3
3;3;3;17;# 9nst agmt#;1;9;%;N;AG;nonstandard;agreement;%NAG: nonstandard agreement;2;(# 9nst agmt#)|(# 9nst agmt#)|(9nst agmt)|(9nst agmt)|(9nst agmt)|(#9nst agmt\.#)|(#9nst agmt#)|(# 9nst agmt#);%#%;(# 9nst agmt#)|(# 9nst agmt#)|(9nst agmt)|(9nst agmt)|(9nst agmt)|(#9nst agmt\.#)|(#9nst agmt#)|(# 9nst agmt#);test3
4;4;4;76;9nst agmt;1;9;%;N;AG;nonstandard;agreement;%NAG: nonstandard agreement;2;(# 9nst agmt#)|(# 9nst agmt#)|(9nst agmt)|(9nst agmt)|(9nst agmt)|(#9nst agmt\.#)|(#9nst agmt#)|(# 9nst agmt#);%#%;(# 9nst agmt#)|(# 9nst agmt#)|(9nst agmt)|(9nst agmt)|(9nst agmt)|(#9nst agmt\.#)|(#9nst agmt#)|(# 9nst agmt#);test3
5;5;5;95;9nst agmt;1;9;%;N;AG;nonstandard;agreement;%NAG: nonstandard agreement;2;(# 9nst agmt#)|(# 9nst agmt#)|(9nst agmt)|(9nst agmt)|(9nst agmt)|(#9nst agmt\.#)|(#9nst agmt#)|(# 9nst agmt#);%#%;(# 9nst agmt#)|(# 9nst agmt#)|(9nst agmt)|(9nst agmt)|(9nst agmt)|(#9nst agmt\.#)|(#9nst agmt#)|(# 9nst agmt#);test3
6;6;6;141;9nst agmt;1;9;%;N;AG;nonstandard;agreement;%NAG: nonstandard agreement;2;(# 9nst agmt#)|(# 9nst agmt#)|(9nst agmt)|(9nst agmt)|(9nst agmt)|(#9nst agmt\.#)|(#9nst agmt#)|(# 9nst agmt#);%#%;(# 9nst agmt#)|(# 9nst agmt#)|(9nst agmt)|(9nst agmt)|(9nst agmt)|(#9nst agmt\.#)|(#9nst agmt#)|(# 9nst agmt#);test3
7;7;7;NA;#9nst agmt.#;1;1;%;N;AG;nonstandard;agreement;%NAG: nonstandard agreement;2;(# 9nst agmt#)|(# 9nst agmt#)|(9nst agmt)|(9nst agmt)|(9nst agmt)|(#9nst agmt\.#)|(#9nst agmt#)|(# 9nst agmt#);%#%;(# 9nst agmt#)|(# 9nst agmt#)|(9nst agmt)|(9nst agmt)|(9nst agmt)|(#9nst agmt\.#)|(#9nst agmt#)|(# 9nst agmt#);test3
8;8;8;NA;#9nst agmt#;1;1;%;N;AG;nonstandard;agreement;%NAG: nonstandard agreement;2;(# 9nst agmt#)|(# 9nst agmt#)|(9nst agmt)|(9nst agmt)|(9nst agmt)|(#9nst agmt\.#)|(#9nst agmt#)|(# 9nst agmt#);%#%;(# 9nst agmt#)|(# 9nst agmt#)|(9nst agmt)|(9nst agmt)|(9nst agmt)|(#9nst agmt\.#)|(#9nst agmt#)|(# 9nst agmt#);test3
9;9;9;NA;# 9nst agmt#;1;1;%;N;AG;nonstandard;agreement;%NAG: nonstandard agreement;2;(# 9nst agmt#)|(# 9nst agmt#)|(9nst agmt)|(9nst agmt)|(9nst agmt)|(#9nst agmt\.#)|(#9nst agmt#)|(# 9nst agmt#);%#%;(# 9nst agmt#)|(# 9nst agmt#)|(9nst agmt)|(9nst agmt)|(9nst agmt)|(#9nst agmt\.#)|(#9nst agmt#)|(# 9nst agmt#);test3
25;25;25;NA;#9nst art#;1;1;%;N;AR;nonstandard;article;%NAR: nonstandard article;5;(#9nst art#);%#%;(#9nst art#);test3
27;27;27;NA;#9nst compar.#;1;1;%;N;CM;nonstandard;comparison;%NCM: nonstandard comparison;7;(#9nst compar\.#)|(#9nst compar#);%#%;(#9nst compar\.#)|(#9nst compar#);test3
28;28;28;NA;#9nst compar#;1;1;%;N;CM;nonstandard;comparison;%NCM: nonstandard comparison;7;(#9nst compar\.#)|(#9nst compar#);%#%;(#9nst compar\.#)|(#9nst compar#);test3
29;29;29;NA;#9nst conditional#;1;1;%;N;CN;nonstandard;conditional;%NCN: nonstandard conditional;8;(#9nst conditional#);%#%;(#9nst conditional#);test3
34;34;34;NA;#9extra art#;1;1;%;N;EA;nonstandard;extra article;%NEA: nonstandard extra article;10;(#9extra art#);%#%;(#9extra art#);test3
36;36;36;NA;#9nst existential#;1;1;%;N;EX;nonstandard;existential;%NEX: nonstandard existential;12;(#9nst existential#);%#%;(#9nst existential#);test3
37;37;37;NA;9nst ext#;1;9;%;N;EX;nonstandard;existential;%NEX: nonstandard existential;13;(9nst ext#)|(9nst ext#);%#%;(9nst ext#)|(9nst ext#);test3
38;38;38;NA;9nst ext#;1;1;%;N;EX;nonstandard;existential;%NEX: nonstandard existential;13;(9nst ext#)|(9nst ext#);%#%;(9nst ext#)|(9nst ext#);test3
39;39;39;11;# 9nst#;1;9;%;N;NS;nonstandard;not specified;%NGG: nonstandard general;14;(# 9nst#)|(# 9nst#)|(9nst)|(9nst)|(9nst)|(9nst\.)|(#9nst#)|(#9nst #)|(# 9nst#)|(#9nst);%#%;(# 9nst#)|(# 9nst#)|(9nst)|(9nst)|(9nst)|(9nst\.)|(#9nst#)|(#9nst #)|(# 9nst#)|(#9nst);test3
40;40;40;22;# 9nst#;1;9;%;N;NS;nonstandard;not specified;%NGG: nonstandard general;14;(# 9nst#)|(# 9nst#)|(9nst)|(9nst)|(9nst)|(9nst\.)|(#9nst#)|(#9nst #)|(# 9nst#)|(#9nst);%#%;(# 9nst#)|(# 9nst#)|(9nst)|(9nst)|(9nst)|(9nst\.)|(#9nst#)|(#9nst #)|(# 9nst#)|(#9nst);test3
41;41;41;38;9nst;1;9;%;N;NS;nonstandard;not specified;%NGG: nonstandard general;14;(# 9nst#)|(# 9nst#)|(9nst)|(9nst)|(9nst)|(9nst\.)|(#9nst#)|(#9nst #)|(# 9nst#)|(#9nst);%#%;(# 9nst#)|(# 9nst#)|(9nst)|(9nst)|(9nst)|(9nst\.)|(#9nst#)|(#9nst #)|(# 9nst#)|(#9nst);test3
42;42;42;39;9nst;1;9;%;N;NS;nonstandard;not specified;%NGG: nonstandard general;14;(# 9nst#)|(# 9nst#)|(9nst)|(9nst)|(9nst)|(9nst\.)|(#9nst#)|(#9nst #)|(# 9nst#)|(#9nst);%#%;(# 9nst#)|(# 9nst#)|(9nst)|(9nst)|(9nst)|(9nst\.)|(#9nst#)|(#9nst #)|(# 9nst#)|(#9nst);test3
43;43;43;40;9nst;1;9;%;N;NS;nonstandard;not specified;%NGG: nonstandard general;14;(# 9nst#)|(# 9nst#)|(9nst)|(9nst)|(9nst)|(9nst\.)|(#9nst#)|(#9nst #)|(# 9nst#)|(#9nst);%#%;(# 9nst#)|(# 9nst#)|(9nst)|(9nst)|(9nst)|(9nst\.)|(#9nst#)|(#9nst #)|(# 9nst#)|(#9nst);test3
44;44;44;113;9nst.;1;9;%;N;NS;nonstandard;not specified;%NGG: nonstandard general;14;(# 9nst#)|(# 9nst#)|(9nst)|(9nst)|(9nst)|(9nst\.)|(#9nst#)|(#9nst #)|(# 9nst#)|(#9nst);%#%;(# 9nst#)|(# 9nst#)|(9nst)|(9nst)|(9nst)|(9nst\.)|(#9nst#)|(#9nst #)|(# 9nst#)|(#9nst);test3
45;45;45;NA;#9nst#;1;1;%;N;NS;nonstandard;not specified;%NGG: nonstandard general;14;(# 9nst#)|(# 9nst#)|(9nst)|(9nst)|(9nst)|(9nst\.)|(#9nst#)|(#9nst #)|(# 9nst#)|(#9nst);%#%;(# 9nst#)|(# 9nst#)|(9nst)|(9nst)|(9nst)|(9nst\.)|(#9nst#)|(#9nst #)|(# 9nst#)|(#9nst);test3
46;46;46;NA;#9nst #;1;1;%;N;NS;nonstandard;not specified;%NGG: nonstandard general;14;(# 9nst#)|(# 9nst#)|(9nst)|(9nst)|(9nst)|(9nst\.)|(#9nst#)|(#9nst #)|(# 9nst#)|(#9nst);%#%;(# 9nst#)|(# 9nst#)|(9nst)|(9nst)|(9nst)|(9nst\.)|(#9nst#)|(#9nst #)|(# 9nst#)|(#9nst);test3
47;47;47;NA;# 9nst#;1;1;%;N;NS;nonstandard;not specified;%NGG: nonstandard general;14;(# 9nst#)|(# 9nst#)|(9nst)|(9nst)|(9nst)|(9nst\.)|(#9nst#)|(#9nst #)|(# 9nst#)|(#9nst);%#%;(# 9nst#)|(# 9nst#)|(9nst)|(9nst)|(9nst)|(9nst\.)|(#9nst#)|(#9nst #)|(# 9nst#)|(#9nst);test3
48;48;48;NA;#9nst;1;1;%;N;NS;nonstandard;not specified;%NGG: nonstandard general;14;(# 9nst#)|(# 9nst#)|(9nst)|(9nst)|(9nst)|(9nst\.)|(#9nst#)|(#9nst #)|(# 9nst#)|(#9nst);%#%;(# 9nst#)|(# 9nst#)|(9nst)|(9nst)|(9nst)|(9nst\.)|(#9nst#)|(#9nst #)|(# 9nst#)|(#9nst);test3
49;49;49;65;9double feminine, nst;1;9;%;N;GN;nonstandard;gender;%NGN: nonstandard genus;15;(9double feminine, nst)|(9nst gen)|(#9nst gen#)|(#9 nst gen#)|(#9nst gen);%#%;(9double feminine, nst)|(9nst gen)|(#9nst gen#)|(#9 nst gen#)|(#9nst gen);test3
50;50;50;77;9nst gen;1;9;%;N;GN;nonstandard;gender;%NGN: nonstandard genus;15;(9double feminine, nst)|(9nst gen)|(#9nst gen#)|(#9 nst gen#)|(#9nst gen);%#%;(9double feminine, nst)|(9nst gen)|(#9nst gen#)|(#9 nst gen#)|(#9nst gen);test3
51;51;51;NA;#9nst gen#;1;1;%;N;GN;nonstandard;gender;%NGN: nonstandard genus;15;(9double feminine, nst)|(9nst gen)|(#9nst gen#)|(#9 nst gen#)|(#9nst gen);%#%;(9double feminine, nst)|(9nst gen)|(#9nst gen#)|(#9 nst gen#)|(#9nst gen);test3
52;52;52;NA;#9 nst gen#;1;1;%;N;GN;nonstandard;gender;%NGN: nonstandard genus;15;(9double feminine, nst)|(9nst gen)|(#9nst gen#)|(#9 nst gen#)|(#9nst gen);%#%;(9double feminine, nst)|(9nst gen)|(#9nst gen#)|(#9 nst gen#)|(#9nst gen);test3
53;53;53;NA;#9nst gen;1;1;%;N;GN;nonstandard;gender;%NGN: nonstandard genus;15;(9double feminine, nst)|(9nst gen)|(#9nst gen#)|(#9 nst gen#)|(#9nst gen);%#%;(9double feminine, nst)|(9nst gen)|(#9nst gen#)|(#9 nst gen#)|(#9nst gen);test3
54;54;54;NA;#9nst i.o.#;1;1;%;N;IO;nonstandard;i.o.;%NIO: nonstandard i.o.;16;(#9nst i\.o\.#);%#%;(#9nst i\.o\.#);test3
100;100;100;NA;#9nst pers#;1;1;%;N;PE;nonstandard;person;%NPE: nonstandard person;38;(#9nst pers#);%#%;(#9nst pers#);test3
94;94;94;NA;#9nst pro#;1;1;%;N;PO;nonstandard;pronoun;%NPO: nonstandard pronoun;36;(#9nst pro#);%#%;(#9nst pro#);test3
101;101;101;7;# 9nst prep#;1;9;%;N;PR;nonstandard;preposition;%NPR: nonstandard preposition;39;(# 9nst prep#)|(# 9nst prep#)|(9nst prep)|(9nst prep)|(9nst prep)|(9nst prep\?@\.)|(9nst prep\.)|(9nst prep)|(#9nst prep#)|(#9nst prep\.#)|(#9nst prep #)|(# 9nst prep#);%#%;(# 9nst prep#)|(# 9nst prep#)|(9nst prep)|(9nst prep)|(9nst prep)|(9nst prep\?@\.)|(9nst prep\.)|(9nst prep)|(#9nst prep#)|(#9nst prep\.#)|(#9nst prep #)|(# 9nst prep#);test3
102;102;102;18;# 9nst prep#;1;9;%;N;PR;nonstandard;preposition;%NPR: nonstandard preposition;39;(# 9nst prep#)|(# 9nst prep#)|(9nst prep)|(9nst prep)|(9nst prep)|(9nst prep\?@\.)|(9nst prep\.)|(9nst prep)|(#9nst prep#)|(#9nst prep\.#)|(#9nst prep #)|(# 9nst prep#);%#%;(# 9nst prep#)|(# 9nst prep#)|(9nst prep)|(9nst prep)|(9nst prep)|(9nst prep\?@\.)|(9nst prep\.)|(9nst prep)|(#9nst prep#)|(#9nst prep\.#)|(#9nst prep #)|(# 9nst prep#);test3
103;103;103;36;9nst prep;1;9;%;N;PR;nonstandard;preposition;%NPR: nonstandard preposition;39;(# 9nst prep#)|(# 9nst prep#)|(9nst prep)|(9nst prep)|(9nst prep)|(9nst prep\?@\.)|(9nst prep\.)|(9nst prep)|(#9nst prep#)|(#9nst prep\.#)|(#9nst prep #)|(# 9nst prep#);%#%;(# 9nst prep#)|(# 9nst prep#)|(9nst prep)|(9nst prep)|(9nst prep)|(9nst prep\?@\.)|(9nst prep\.)|(9nst prep)|(#9nst prep#)|(#9nst prep\.#)|(#9nst prep #)|(# 9nst prep#);test3
104;104;104;37;9nst prep;1;9;%;N;PR;nonstandard;preposition;%NPR: nonstandard preposition;39;(# 9nst prep#)|(# 9nst prep#)|(9nst prep)|(9nst prep)|(9nst prep)|(9nst prep\?@\.)|(9nst prep\.)|(9nst prep)|(#9nst prep#)|(#9nst prep\.#)|(#9nst prep #)|(# 9nst prep#);%#%;(# 9nst prep#)|(# 9nst prep#)|(9nst prep)|(9nst prep)|(9nst prep)|(9nst prep\?@\.)|(9nst prep\.)|(9nst prep)|(#9nst prep#)|(#9nst prep\.#)|(#9nst prep #)|(# 9nst prep#);test3
105;105;105;43;9nst prep;1;9;%;N;PR;nonstandard;preposition;%NPR: nonstandard preposition;39;(# 9nst prep#)|(# 9nst prep#)|(9nst prep)|(9nst prep)|(9nst prep)|(9nst prep\?@\.)|(9nst prep\.)|(9nst prep)|(#9nst prep#)|(#9nst prep\.#)|(#9nst prep #)|(# 9nst prep#);%#%;(# 9nst prep#)|(# 9nst prep#)|(9nst prep)|(9nst prep)|(9nst prep)|(9nst prep\?@\.)|(9nst prep\.)|(9nst prep)|(#9nst prep#)|(#9nst prep\.#)|(#9nst prep #)|(# 9nst prep#);test3
106;106;106;105;9nst prep?@.;1;9;%;N;PR;nonstandard;preposition;%NPR: nonstandard preposition;39;(# 9nst prep#)|(# 9nst prep#)|(9nst prep)|(9nst prep)|(9nst prep)|(9nst prep\?@\.)|(9nst prep\.)|(9nst prep)|(#9nst prep#)|(#9nst prep\.#)|(#9nst prep #)|(# 9nst prep#);%#%;(# 9nst prep#)|(# 9nst prep#)|(9nst prep)|(9nst prep)|(9nst prep)|(9nst prep\?@\.)|(9nst prep\.)|(9nst prep)|(#9nst prep#)|(#9nst prep\.#)|(#9nst prep #)|(# 9nst prep#);test3
107;107;107;106;9nst prep.;1;9;%;N;PR;nonstandard;preposition;%NPR: nonstandard preposition;39;(# 9nst prep#)|(# 9nst prep#)|(9nst prep)|(9nst prep)|(9nst prep)|(9nst prep\?@\.)|(9nst prep\.)|(9nst prep)|(#9nst prep#)|(#9nst prep\.#)|(#9nst prep #)|(# 9nst prep#);%#%;(# 9nst prep#)|(# 9nst prep#)|(9nst prep)|(9nst prep)|(9nst prep)|(9nst prep\?@\.)|(9nst prep\.)|(9nst prep)|(#9nst prep#)|(#9nst prep\.#)|(#9nst prep #)|(# 9nst prep#);test3
108;108;108;151;9nst prep;1;9;%;N;PR;nonstandard;preposition;%NPR: nonstandard preposition;39;(# 9nst prep#)|(# 9nst prep#)|(9nst prep)|(9nst prep)|(9nst prep)|(9nst prep\?@\.)|(9nst prep\.)|(9nst prep)|(#9nst prep#)|(#9nst prep\.#)|(#9nst prep #)|(# 9nst prep#);%#%;(# 9nst prep#)|(# 9nst prep#)|(9nst prep)|(9nst prep)|(9nst prep)|(9nst prep\?@\.)|(9nst prep\.)|(9nst prep)|(#9nst prep#)|(#9nst prep\.#)|(#9nst prep #)|(# 9nst prep#);test3
109;109;109;NA;#9nst prep#;1;1;%;N;PR;nonstandard;preposition;%NPR: nonstandard preposition;39;(# 9nst prep#)|(# 9nst prep#)|(9nst prep)|(9nst prep)|(9nst prep)|(9nst prep\?@\.)|(9nst prep\.)|(9nst prep)|(#9nst prep#)|(#9nst prep\.#)|(#9nst prep #)|(# 9nst prep#);%#%;(# 9nst prep#)|(# 9nst prep#)|(9nst prep)|(9nst prep)|(9nst prep)|(9nst prep\?@\.)|(9nst prep\.)|(9nst prep)|(#9nst prep#)|(#9nst prep\.#)|(#9nst prep #)|(# 9nst prep#);test3
110;110;110;NA;#9nst prep.#;1;1;%;N;PR;nonstandard;preposition;%NPR: nonstandard preposition;39;(# 9nst prep#)|(# 9nst prep#)|(9nst prep)|(9nst prep)|(9nst prep)|(9nst prep\?@\.)|(9nst prep\.)|(9nst prep)|(#9nst prep#)|(#9nst prep\.#)|(#9nst prep #)|(# 9nst prep#);%#%;(# 9nst prep#)|(# 9nst prep#)|(9nst prep)|(9nst prep)|(9nst prep)|(9nst prep\?@\.)|(9nst prep\.)|(9nst prep)|(#9nst prep#)|(#9nst prep\.#)|(#9nst prep #)|(# 9nst prep#);test3
111;111;111;NA;#9nst prep #;1;1;%;N;PR;nonstandard;preposition;%NPR: nonstandard preposition;39;(# 9nst prep#)|(# 9nst prep#)|(9nst prep)|(9nst prep)|(9nst prep)|(9nst prep\?@\.)|(9nst prep\.)|(9nst prep)|(#9nst prep#)|(#9nst prep\.#)|(#9nst prep #)|(# 9nst prep#);%#%;(# 9nst prep#)|(# 9nst prep#)|(9nst prep)|(9nst prep)|(9nst prep)|(9nst prep\?@\.)|(9nst prep\.)|(9nst prep)|(#9nst prep#)|(#9nst prep\.#)|(#9nst prep #)|(# 9nst prep#);test3
112;112;112;NA;# 9nst prep#;1;1;%;N;PR;nonstandard;preposition;%NPR: nonstandard preposition;39;(# 9nst prep#)|(# 9nst prep#)|(9nst prep)|(9nst prep)|(9nst prep)|(9nst prep\?@\.)|(9nst prep\.)|(9nst prep)|(#9nst prep#)|(#9nst prep\.#)|(#9nst prep #)|(# 9nst prep#);%#%;(# 9nst prep#)|(# 9nst prep#)|(9nst prep)|(9nst prep)|(9nst prep)|(9nst prep\?@\.)|(9nst prep\.)|(9nst prep)|(#9nst prep#)|(#9nst prep\.#)|(#9nst prep #)|(# 9nst prep#);test3
113;113;113;NA;#9nst passive#;1;1;%;N;PS;nonstandard;passive;%NPS: nonstandard passive;40;(#9nst passive#)|(#9nst passive\?#);%#%;(#9nst passive#)|(#9nst passive\?#);test3
114;114;114;NA;#9nst passive?#;1;1;%;N;PS;nonstandard;passive;%NPS: nonstandard passive;40;(#9nst passive#)|(#9nst passive\?#);%#%;(#9nst passive#)|(#9nst passive\?#);test3
115;115;115;61;9nst poss.;1;9;%;N;PV;nonstandard;possessive;%NPV: nonstandard possessive;41;(9nst poss\.)|(9nst poss)|(#9 nst poss#)|(#9nst poss#);%#%;(9nst poss\.)|(9nst poss)|(#9 nst poss#)|(#9nst poss#);test3
116;116;116;66;9nst poss;1;9;%;N;PV;nonstandard;possessive;%NPV: nonstandard possessive;41;(9nst poss\.)|(9nst poss)|(#9 nst poss#)|(#9nst poss#);%#%;(9nst poss\.)|(9nst poss)|(#9 nst poss#)|(#9nst poss#);test3
117;117;117;NA;#9 nst poss#;1;1;%;N;PV;nonstandard;possessive;%NPV: nonstandard possessive;41;(9nst poss\.)|(9nst poss)|(#9 nst poss#)|(#9nst poss#);%#%;(9nst poss\.)|(9nst poss)|(#9 nst poss#)|(#9nst poss#);test3
118;118;118;NA;#9nst poss#;1;1;%;N;PV;nonstandard;possessive;%NPV: nonstandard possessive;41;(9nst poss\.)|(9nst poss)|(#9 nst poss#)|(#9nst poss#);%#%;(9nst poss\.)|(9nst poss)|(#9 nst poss#)|(#9nst poss#);test3
122;122;122;10;9rel;1;9;%;N;RL;nonstandard;relative;%NRL: nonstandard relative;44;(9rel)|(9rel)|(9nst rel)|(#9rel)|(#9rel#)|(#9nst rel#)|(#9nst rel\?#)|(#9rel\?#);%#%;(9rel)|(9rel)|(9nst rel)|(#9rel)|(#9rel#)|(#9nst rel#)|(#9nst rel\?#)|(#9rel\?#);test3
123;123;123;34;9rel;1;9;%;N;RL;nonstandard;relative;%NRL: nonstandard relative;44;(9rel)|(9rel)|(9nst rel)|(#9rel)|(#9rel#)|(#9nst rel#)|(#9nst rel\?#)|(#9rel\?#);%#%;(9rel)|(9rel)|(9nst rel)|(#9rel)|(#9rel#)|(#9nst rel#)|(#9nst rel\?#)|(#9rel\?#);test3
124;124;124;114;9nst rel;1;9;%;N;RL;nonstandard;relative;%NRL: nonstandard relative;44;(9rel)|(9rel)|(9nst rel)|(#9rel)|(#9rel#)|(#9nst rel#)|(#9nst rel\?#)|(#9rel\?#);%#%;(9rel)|(9rel)|(9nst rel)|(#9rel)|(#9rel#)|(#9nst rel#)|(#9nst rel\?#)|(#9rel\?#);test3
125;125;125;NA;#9rel;1;1;%;N;RL;nonstandard;relative;%NRL: nonstandard relative;44;(9rel)|(9rel)|(9nst rel)|(#9rel)|(#9rel#)|(#9nst rel#)|(#9nst rel\?#)|(#9rel\?#);%#%;(9rel)|(9rel)|(9nst rel)|(#9rel)|(#9rel#)|(#9nst rel#)|(#9nst rel\?#)|(#9rel\?#);test3
126;126;126;NA;#9rel#;1;1;%;N;RL;nonstandard;relative;%NRL: nonstandard relative;44;(9rel)|(9rel)|(9nst rel)|(#9rel)|(#9rel#)|(#9nst rel#)|(#9nst rel\?#)|(#9rel\?#);%#%;(9rel)|(9rel)|(9nst rel)|(#9rel)|(#9rel#)|(#9nst rel#)|(#9nst rel\?#)|(#9rel\?#);test3
127;127;127;NA;#9nst rel#;1;1;%;N;RL;nonstandard;relative;%NRL: nonstandard relative;44;(9rel)|(9rel)|(9nst rel)|(#9rel)|(#9rel#)|(#9nst rel#)|(#9nst rel\?#)|(#9rel\?#);%#%;(9rel)|(9rel)|(9nst rel)|(#9rel)|(#9rel#)|(#9nst rel#)|(#9nst rel\?#)|(#9rel\?#);test3
128;128;128;NA;#9nst rel?#;1;1;%;N;RL;nonstandard;relative;%NRL: nonstandard relative;44;(9rel)|(9rel)|(9nst rel)|(#9rel)|(#9rel#)|(#9nst rel#)|(#9nst rel\?#)|(#9rel\?#);%#%;(9rel)|(9rel)|(9nst rel)|(#9rel)|(#9rel#)|(#9nst rel#)|(#9nst rel\?#)|(#9rel\?#);test3
129;129;129;NA;#9rel?#;1;1;%;N;RL;nonstandard;relative;%NRL: nonstandard relative;44;(9rel)|(9rel)|(9nst rel)|(#9rel)|(#9rel#)|(#9nst rel#)|(#9nst rel\?#)|(#9rel\?#);%#%;(9rel)|(9rel)|(9nst rel)|(#9rel)|(#9rel#)|(#9nst rel#)|(#9nst rel\?#)|(#9rel\?#);test3
130;130;130;125;9semantics;1;9;%;N;SM;nonstandard;semantics;%NSM: nonstandard semantics;45;(9semantics)|(#9semantics)|(#9semantics#)|(#9semantics of viel#)|(#9semantics\.#);%#%;(9semantics)|(#9semantics)|(#9semantics#)|(#9semantics of viel#)|(#9semantics\.#);test3
131;131;131;NA;#9semantics;1;1;%;N;SM;nonstandard;semantics;%NSM: nonstandard semantics;45;(9semantics)|(#9semantics)|(#9semantics#)|(#9semantics of viel#)|(#9semantics\.#);%#%;(9semantics)|(#9semantics)|(#9semantics#)|(#9semantics of viel#)|(#9semantics\.#);test3
132;132;132;NA;#9semantics#;1;1;%;N;SM;nonstandard;semantics;%NSM: nonstandard semantics;45;(9semantics)|(#9semantics)|(#9semantics#)|(#9semantics of viel#)|(#9semantics\.#);%#%;(9semantics)|(#9semantics)|(#9semantics#)|(#9semantics of viel#)|(#9semantics\.#);test3
133;133;133;NA;#9semantics of viel#;1;1;%;N;SM;nonstandard;semantics;%NSM: nonstandard semantics;45;(9semantics)|(#9semantics)|(#9semantics#)|(#9semantics of viel#)|(#9semantics\.#);%#%;(9semantics)|(#9semantics)|(#9semantics#)|(#9semantics of viel#)|(#9semantics\.#);test3
134;134;134;NA;#9semantics.#;1;1;%;N;SM;nonstandard;semantics;%NSM: nonstandard semantics;45;(9semantics)|(#9semantics)|(#9semantics#)|(#9semantics of viel#)|(#9semantics\.#);%#%;(9semantics)|(#9semantics)|(#9semantics#)|(#9semantics of viel#)|(#9semantics\.#);test3
147;147;147;NA;#9nst verb#;1;1;%;N;VP;nonstandard;VP;%NVP: nonstandard VP;48;(#9nst verb#);%#%;(#9nst verb#);test3
148;148;148;112;9nst w;1;9;%;N;WD;nonstandard;word;%NWD: nonstandard word;49;(9nst w);%#%;(9nst w);test3
149;149;149;81;9w o.;1;9;%;N;WO;nonstandard;word order;%NWO: nonstandard word order;50;(9w o\.)|(9w\.o\.)|(9nst w o)|(9nst w o)|(9nst w o)|(#9nst w\.o\.#)|(#9nst w o#)|(#9nst w o\.#)|(#9nst w o\. #);%#%;(9w o\.)|(9w\.o\.)|(9nst w o)|(9nst w o)|(9nst w o)|(#9nst w\.o\.#)|(#9nst w o#)|(#9nst w o\.#)|(#9nst w o\. #);test3
150;150;150;115;9w.o.;1;9;%;N;WO;nonstandard;word order;%NWO: nonstandard word order;50;(9w o\.)|(9w\.o\.)|(9nst w o)|(9nst w o)|(9nst w o)|(#9nst w\.o\.#)|(#9nst w o#)|(#9nst w o\.#)|(#9nst w o\. #);%#%;(9w o\.)|(9w\.o\.)|(9nst w o)|(9nst w o)|(9nst w o)|(#9nst w\.o\.#)|(#9nst w o#)|(#9nst w o\.#)|(#9nst w o\. #);test3
151;151;151;134;9nst w o;1;9;%;N;WO;nonstandard;word order;%NWO: nonstandard word order;50;(9w o\.)|(9w\.o\.)|(9nst w o)|(9nst w o)|(9nst w o)|(#9nst w\.o\.#)|(#9nst w o#)|(#9nst w o\.#)|(#9nst w o\. #);%#%;(9w o\.)|(9w\.o\.)|(9nst w o)|(9nst w o)|(9nst w o)|(#9nst w\.o\.#)|(#9nst w o#)|(#9nst w o\.#)|(#9nst w o\. #);test3
152;152;152;143;9nst w o;1;9;%;N;WO;nonstandard;word order;%NWO: nonstandard word order;50;(9w o\.)|(9w\.o\.)|(9nst w o)|(9nst w o)|(9nst w o)|(#9nst w\.o\.#)|(#9nst w o#)|(#9nst w o\.#)|(#9nst w o\. #);%#%;(9w o\.)|(9w\.o\.)|(9nst w o)|(9nst w o)|(9nst w o)|(#9nst w\.o\.#)|(#9nst w o#)|(#9nst w o\.#)|(#9nst w o\. #);test3
153;153;153;153;9nst w o;1;9;%;N;WO;nonstandard;word order;%NWO: nonstandard word order;50;(9w o\.)|(9w\.o\.)|(9nst w o)|(9nst w o)|(9nst w o)|(#9nst w\.o\.#)|(#9nst w o#)|(#9nst w o\.#)|(#9nst w o\. #);%#%;(9w o\.)|(9w\.o\.)|(9nst w o)|(9nst w o)|(9nst w o)|(#9nst w\.o\.#)|(#9nst w o#)|(#9nst w o\.#)|(#9nst w o\. #);test3
154;154;154;NA;#9nst w.o.#;1;1;%;N;WO;nonstandard;word order;%NWO: nonstandard word order;50;(9w o\.)|(9w\.o\.)|(9nst w o)|(9nst w o)|(9nst w o)|(#9nst w\.o\.#)|(#9nst w o#)|(#9nst w o\.#)|(#9nst w o\. #);%#%;(9w o\.)|(9w\.o\.)|(9nst w o)|(9nst w o)|(9nst w o)|(#9nst w\.o\.#)|(#9nst w o#)|(#9nst w o\.#)|(#9nst w o\. #);test3
155;155;155;NA;#9nst w o#;1;1;%;N;WO;nonstandard;word order;%NWO: nonstandard word order;50;(9w o\.)|(9w\.o\.)|(9nst w o)|(9nst w o)|(9nst w o)|(#9nst w\.o\.#)|(#9nst w o#)|(#9nst w o\.#)|(#9nst w o\. #);%#%;(9w o\.)|(9w\.o\.)|(9nst w o)|(9nst w o)|(9nst w o)|(#9nst w\.o\.#)|(#9nst w o#)|(#9nst w o\.#)|(#9nst w o\. #);test3
156;156;156;NA;#9nst w o.#;1;1;%;N;WO;nonstandard;word order;%NWO: nonstandard word order;50;(9w o\.)|(9w\.o\.)|(9nst w o)|(9nst w o)|(9nst w o)|(#9nst w\.o\.#)|(#9nst w o#)|(#9nst w o\.#)|(#9nst w o\. #);%#%;(9w o\.)|(9w\.o\.)|(9nst w o)|(9nst w o)|(9nst w o)|(#9nst w\.o\.#)|(#9nst w o#)|(#9nst w o\.#)|(#9nst w o\. #);test3
157;157;157;NA;#9nst w o. #;1;1;%;N;WO;nonstandard;word order;%NWO: nonstandard word order;50;(9w o\.)|(9w\.o\.)|(9nst w o)|(9nst w o)|(9nst w o)|(#9nst w\.o\.#)|(#9nst w o#)|(#9nst w o\.#)|(#9nst w o\. #);%#%;(9w o\.)|(9w\.o\.)|(9nst w o)|(9nst w o)|(9nst w o)|(#9nst w\.o\.#)|(#9nst w o#)|(#9nst w o\.#)|(#9nst w o\. #);test3
;;;;STATIC(a|b|c|d|e|f);5;;;;;;;;;STATIC(a|b|c|d|e|f);STATIC-\\1;;
;;;head;(but the some of the interviewer’s utterances);6;;;;;;;;;(but the some of the interviewer’s utterances);but the interviewer’s utterances;;
;;;head;(mostly);6;;;;;;;;;(\\(mostly\\));roughly;;
;;;trans;(family_language-with_parents-with);5;;;;;;;;;(\\(family_language-with_parents-with\\));(family_language-with_parents-with_siblings);;
;;;head;., see the Elicitation documentation files.;6;;;;;;;;;\\., see the Elicitation documentation files\\.;"; see reference @Elicitation files.";;
;;;trans;%WORD;5;;;;;;;;; %([A-Za-z]);#%#\\1;;
;;;head;TUR/ELL;6;;;;;;;;;(@ID:.+)(_TUR|_ELL)_;\\1_;;
;;global;head;@.ctivities;6;;;;;;;;;^@.ctivities.+;@Activities: background info, directed conversation, personal narratives;;
;;;trans;tab after tier label, speaker;5;;;;;;;;;([\\*]...:) ;\\1\t;;
;;;;tab after tier label, annotation;5;;;;;;;;;([%]...:) ;\\1\t;;
;;;;;6;;;;;;;;;(@(%...:)) ;@TD: \\2\t;;
;;;;discrete coding in header;7;;;;;;;;;(\*)([A-Z]{3})(:?);<\2\3>;;